"Template";"Screen Name";"LoA";"World Level";"Excluded";"Item Set";"Coverage";"Rarity";"Material";"TN Stance";"Req. Stat";"Variants";"Stance";"SCM Shop"
"bd_ch_f_g_c_avg";"Thick Chain";;;;;"Body";;"ch";"f";"str";"base, c_fin, c_str, o_fin";"Fighter";"v_f_bd"
"bd_ch_f_g_c_fun";"Rusty Chain";;;;;"Body";;"ch";"f";"str";"base";"Fighter";"v_f_bd"
"bd_ch_f_g_c_low";"Stiff Chain";;;;;"Body";;"ch";"f";"str";"base";"Fighter";"v_f_bd"
"bd_ch_m_g_c_avg";"Thin Chain";;;;;"Body";;"ch";"m";"str";"base, c_fin, c_mag, c_str, o_avg, o_fin, o_mag, o_str";"Mage";"v_m_bd"
"bd_ch_r_g_c_avg";"Chain Mail";;;;;"Body";;"ch";"r";"str";"base, c_fin, c_mag, c_str, o_avg, o_fin, o_mag, o_str";"Ranger";"v_r_bd"
"bd_ch_r_g_c_fun";"Tarnished Chain Mail";;;;;"Body";;"ch";"r";"str";"base";"Ranger";"v_r_bd"
"bd_ra_ch_m_g_c_fin";"Solar Chain";;;;;"Body";"rare";"ch";"m";"str";"base, o_avg, o_fin";"Mage";"v_m_bd_ru"
"bd_ra_ch_r_g_o_fin";"Dragon Weave";;;;;"Body";"rare";"ch";"r";"str";"base, c_str, o_mag";"Ranger";"v_r_amr_ru"
"bd_ra_sc_f_g_o_mag";"Blood Scale";;;;;"Body";"rare";"sc";"f";"str";"base";"Fighter";"v_f_bd_ru"
"bd_ra_sc_m_g_c_fin";"Shadow Scale";;;;;"Body";"rare";"sc";"m";"str";"base, c_mag, o_fin";"Mage";"v_m_bd_ru"
"bd_ra_sc_r_g_c_fin";"Noble Scale";;;;;"Body";"rare";"sc";"r";"str";"base, c_str";"Ranger";"v_r_amr_ru"
"bd_sc_f_g_c_avg";"Thick Scale";;;;;"Body";;"sc";"f";"str";"base, c_str, o_fin, o_mag, o_str";"Fighter";"v_f_bd"
"bd_sc_f_g_c_fun";"Pitted Scale";;;;;"Body";;"sc";"f";"str";"base";"Fighter";"v_f_bd"
"bd_sc_f_g_o_low";"Bulky Scale";;;;;"Body";;"sc";"f";"str";"base";"Fighter";"v_f_bd"
"bd_sc_m_g_c_avg";"Thin Scale";;;;;"Body";;"sc";"m";;"base, c_fin, c_mag, o_fin";"Mage";"v_m_bd"
"bd_sc_r_g_c_avg";"Flexible Scale";;;;;"Body";;"sc";"r";"str";"base, c_fin, c_str, o_fin";"Ranger";"v_r_bd"
"bd_un_ch_r_green";"Green Chain Mail";;;;;"Body";"unique";"ch";"r";"str";"base";"Ranger";"v_r_amr_ru"
"bd_un_sc_f_dragon";"Serpentine Scale";;;;;"Body";"unique";"sc";"f";"str";"base";"Fighter";"v_f_bd_ru"
"bd_un_sc_r_d_o_mag";"Dark Scale";;;;;"Body";"unique";"sc";"r";"str";"base";"Ranger";"v_r_amr_ru"
"bd_ra_ro_m_d_c_003";"Ash Burlap";;;;;"Body";"rare";"ro";"m";"int";"base";"Mage";"v_m_bd_ru"
"bd_ra_ro_m_d_c_004";"Ash Burlap";;;;;"Body";"rare";"ro";"m";"int";"base";"Mage";"v_m_bd_ru"
"bd_ra_ro_m_d_c_009";"Night Garment";;;;;"Body";"rare";"ro";"m";"int";"base";"Mage";"v_m_bd_ru"
"bd_ra_ro_m_d_c_041";"Blood Coat";;;;;"Body";"rare";"ro";"m";"int";"base";"Mage";"v_m_bd_ru"
"bd_ra_ro_m_d_c_043";"Blood Coat";;;;;"Body";"rare";"ro";"m";"int";"base";"Mage";"v_m_bd_ru"
"bd_ra_ro_m_d_c_077";"Dream Robe";;;;;"Body";"rare";"ro";"m";"int";"base";"Mage";"v_m_bd_ru"
"bd_ra_ro_m_g_c_001";"Clay Tatters";;;;;"Body";"rare";"ro";"m";"int";"base";"Mage";"v_m_bd_ru"
"bd_ra_ro_m_g_c_002";"Dirt Rags";;;;;"Body";"rare";"ro";"m";"int";"base";"Mage";"v_m_bd_ru"
"bd_ra_ro_m_g_c_005";"Solar Cloth";;;;;"Body";"rare";"ro";"m";"int";"base";"Mage";"v_m_bd_ru"
"bd_ra_ro_m_g_c_005a";"Gossamer Linen";;;;;"Body";"rare";"ro";"m";"int";"base";"Mage";"v_m_bd_ru"
"bd_ra_ro_m_g_c_008";"Night Garment";;;;;"Body";"rare";"ro";"m";"int";"base";"Mage";"v_m_bd_ru"
"bd_ra_ro_m_g_c_012";"Night Garment";;;;;"Body";"rare";"ro";"m";"int";"base";"Mage";"v_m_bd_ru"
"bd_ra_ro_m_g_c_014";"Night Garment";;;;;"Body";"rare";"ro";"m";"int";"base";"Mage";"v_m_bd_ru"
"bd_ra_ro_m_g_c_015";"Night Garment";;;;;"Body";"rare";"ro";"m";"int";"base";"Mage";"v_m_bd_ru"
"bd_ra_ro_m_g_c_018";"Astral Cloak";;;;;"Body";"rare";"ro";"m";"int";"base";"Mage";"v_m_bd_ru"
"bd_ra_ro_m_g_c_020";"Astral Cloak";;;;;"Body";"rare";"ro";"m";"int";"base";"Mage";"v_m_bd_ru"
"bd_ra_ro_m_g_c_021";"Astral Cloak";;;;;"Body";"rare";"ro";"m";"int";"base";"Mage";"v_m_bd_ru"
"bd_ra_ro_m_g_c_023";"Astral Cloak";;;;;"Body";"rare";"ro";"m";"int";"base";"Mage";"v_m_bd_ru"
"bd_ra_ro_m_g_c_024";"Astral Cloak";;;;;"Body";"rare";"ro";"m";"int";"base";"Mage";"v_m_bd_ru"
"bd_ra_ro_m_g_c_026";"Astral Cloak";;;;;"Body";"rare";"ro";"m";"int";"base";"Mage";"v_m_bd_ru"
"bd_ra_ro_m_g_c_029";"Astral Cloak";;;;;"Body";"rare";"ro";"m";"int";"base";"Mage";"v_m_bd_ru"
"bd_ra_ro_m_g_c_031";"Blood Coat";;;;;"Body";"rare";"ro";"m";"int";"base";"Mage";"v_m_bd_ru"
"bd_ra_ro_m_g_c_034";"Blood Coat";;;;;"Body";"rare";"ro";"m";"int";"base";"Mage";"v_m_bd_ru"
"bd_ra_ro_m_g_c_037";"Blood Coat";;;;;"Body";"rare";"ro";"m";"int";"base";"Mage";"v_m_bd_ru"
"bd_ra_ro_m_g_c_039";"Blood Coat";;;;;"Body";"rare";"ro";"m";"int";"base";"Mage";"v_m_bd_ru"
"bd_ra_ro_m_g_c_042";"Blood Coat";;;;;"Body";"rare";"ro";"m";"int";"base";"Mage";"v_m_bd_ru"
"bd_ra_ro_m_g_c_045";"Dream Robe";;;;;"Body";"rare";"ro";"m";"int";"base";"Mage";"v_m_bd_ru"
"bd_ra_ro_m_g_c_046";"Dream Robe";;;;;"Body";"rare";"ro";"m";"int";"base";"Mage";"v_m_bd_ru"
"bd_ra_ro_m_g_c_053";"Dream Robe";;;;;"Body";"rare";"ro";"m";"int";"base";"Mage";"v_m_bd_ru"
"bd_ra_ro_m_g_c_059";"Dream Robe";;;;;"Body";"rare";"ro";"m";"int";"base";"Mage";"v_m_bd_ru"
"bd_ra_ro_m_g_c_065";"Dream Robe";;;;;"Body";"rare";"ro";"m";"int";"base";"Mage";"v_m_bd_ru"
"bd_ra_ro_m_g_c_071";"Dream Robe";;;;;"Body";"rare";"ro";"m";"int";"base";"Mage";"v_m_bd_ru"
"bd_ra_ro_m_g_c_084";"Radiant Gown";;;;;"Body";"rare";"ro";"m";"int";"base";"Mage";"v_m_bd_ru"
"bd_ra_ro_m_g_c_089";"Radiant Gown";;;;;"Body";"rare";"ro";"m";"int";"base";"Mage";"v_m_bd_ru"
"bd_ra_ro_m_g_c_094";"Radiant Gown";;;;;"Body";"rare";"ro";"m";"int";"base";"Mage";"v_m_bd_ru"
"bd_ra_ro_m_g_c_100";"Shadow Finery";;;;;"Body";"rare";"ro";"m";"int";"base";"Mage";"v_m_bd_ru"
"bd_ra_ro_m_g_c_105";"Shadow Finery";;;;;"Body";"rare";"ro";"m";"int";"base";"Mage";"v_m_bd_ru"
"bd_ra_ro_m_g_c_110";"Noble Vesture";;;;;"Body";"rare";"ro";"m";"int";"base";"Mage";"v_m_bd_ru"
"bd_ro_m_d_c_003";"Burlap";;;;;"Body";;"ro";"m";;"base";"Mage";"v_m_bd"
"bd_ro_m_d_c_004";"Burlap";;;;;"Body";;"ro";"m";;"base";"Mage";"v_m_bd"
"bd_ro_m_d_c_009";"Garment";;;;;"Body";;"ro";"m";"int";"base";"Mage";"v_m_bd"
"bd_ro_m_d_c_041";"Coat";;;;;"Body";;"ro";"m";"int";"base";"Mage";"v_m_bd"
"bd_ro_m_d_c_043";"Coat";;;;;"Body";;"ro";"m";"int";"base";"Mage";"v_m_bd"
"bd_ro_m_d_c_077";"Robe";;;;;"Body";;"ro";"m";"int";"base";"Mage";"v_m_bd"
"bd_ro_m_g_c_001";"Tatters";;;;;"Body";;"ro";"m";;"base";"Mage";"v_m_bd"
"bd_ro_m_g_c_002";"Rags";;;;;"Body";;"ro";"m";;"base";"Mage";"v_m_bd"
"bd_ro_m_g_c_005";"Cloth";;;;;"Body";;"ro";"m";"int";"base";"Mage";"v_m_bd"
"bd_ro_m_g_c_005a";"Linen";;;;;"Body";;"ro";"m";"int";"base";"Mage";"v_m_bd"
"bd_ro_m_g_c_008";"Garment";;;;;"Body";;"ro";"m";"int";"base";"Mage";"v_m_bd"
"bd_ro_m_g_c_012";"Garment";;;;;"Body";;"ro";"m";"int";"base";"Mage";"v_m_bd"
"bd_ro_m_g_c_014";"Garment";;;;;"Body";;"ro";"m";"int";"base";"Mage";"v_m_bd"
"bd_ro_m_g_c_015";"Garment";;;;;"Body";;"ro";"m";"int";"base";"Mage";"v_m_bd"
"bd_ro_m_g_c_018";"Cloak";;;;;"Body";;"ro";"m";"int";"base";"Mage";"v_m_bd"
"bd_ro_m_g_c_020";"Cloak";;;;;"Body";;"ro";"m";"int";"base";"Mage";"v_m_bd"
"bd_ro_m_g_c_021";"Cloak";;;;;"Body";;"ro";"m";"int";"base";"Mage";"v_m_bd"
"bd_ro_m_g_c_022";"Cloak";;;;;"Body";;"ro";"m";"int";"base";"Mage";"v_m_bd"
"bd_ro_m_g_c_023";"Cloak";;;;;"Body";;"ro";"m";"int";"base";"Mage";"v_m_bd"
"bd_ro_m_g_c_024";"Cloak";;;;;"Body";;"ro";"m";"int";"base";"Mage";"v_m_bd"
"bd_ro_m_g_c_026";"Cloak";;;;;"Body";;"ro";"m";"int";"base";"Mage";"v_m_bd"
"bd_ro_m_g_c_029";"Cloak";;;;;"Body";;"ro";"m";"int";"base";"Mage";"v_m_bd"
"bd_ro_m_g_c_031";"Coat";;;;;"Body";;"ro";"m";"int";"base";"Mage";"v_m_bd"
"bd_ro_m_g_c_034";"Coat";;;;;"Body";;"ro";"m";"int";"base";"Mage";"v_m_bd"
"bd_ro_m_g_c_037";"Coat";;;;;"Body";;"ro";"m";"int";"base";"Mage";"v_m_bd"
"bd_ro_m_g_c_039";"Coat";;;;;"Body";;"ro";"m";"int";"base";"Mage";"v_m_bd"
"bd_ro_m_g_c_042";"Coat";;;;;"Body";;"ro";"m";"int";"base";"Mage";"v_m_bd"
"bd_ro_m_g_c_044";"Coat";;;;;"Body";;"ro";"m";;"base";"Mage";"v_m_bd"
"bd_ro_m_g_c_045";"Robe";;;;;"Body";;"ro";"m";"int";"base";"Mage";"v_m_bd"
"bd_ro_m_g_c_046";"Robe";;;;;"Body";;"ro";"m";"int";"base";"Mage";"v_m_bd"
"bd_ro_m_g_c_053";"Robe";;;;;"Body";;"ro";"m";"int";"base";"Mage";"v_m_bd"
"bd_ro_m_g_c_059";"Robe";;;;;"Body";;"ro";"m";"int";"base";"Mage";"v_m_bd"
"bd_ro_m_g_c_063";"Robe";;;;;"Body";;"ro";"m";"int";"base";"Mage";"v_m_bd"
"bd_ro_m_g_c_065";"Robe";;;;;"Body";;"ro";"m";"int";"base";"Mage";"v_m_bd"
"bd_ro_m_g_c_067";"Robe";;;;;"Body";;"ro";"m";"int";"base";"Mage";"v_m_bd"
"bd_ro_m_g_c_071";"Robe";;;;;"Body";;"ro";"m";"int";"base";"Mage";"v_m_bd"
"bd_ro_m_g_c_084";"Gown";;;;;"Body";;"ro";"m";"int";"base";"Mage";"v_m_bd"
"bd_ro_m_g_c_089";"Gown";;;;;"Body";;"ro";"m";"int";"base";"Mage";"v_m_bd"
"bd_ro_m_g_c_094";"Gown";;;;;"Body";;"ro";"m";"int";"base";"Mage";"v_m_bd"
"bd_ro_m_g_c_100";"Finery";;;;;"Body";;"ro";"m";"int";"base";"Mage";"v_m_bd"
"bd_ro_m_g_c_105";"Finery";;;;;"Body";;"ro";"m";"int";"base";"Mage";"v_m_bd"
"bd_ro_m_g_c_110";"Vesture";;;;;"Body";;"ro";"m";"int";"base";"Mage";"v_m_bd"
"bd_ro_un_merik";"Starlight Vesture";;;"excluded";;"Body";;"ro";;"int";"";"Mage";"v_m_bd_ru"
"bd_bl_f_g_c_avg";"Rigid Leather";;;;;"Body";;"bl";"f";"str";"base, c_str, o_fin";"Fighter";"v_f_bd"
"bd_bl_f_g_c_fun";"Worn Rigid Leather";;;;;"Body";;"bl";"f";"str";"";"Fighter";"v_f_bd"
"bd_bl_f_g_c_low";"Cracked Rigid Leather";;;;;"Body";;"bl";"f";"str";"";"Fighter";"v_f_bd"
"bd_bl_m_g_c_avg";"Waxed Leather";;;;;"Body";;"bl";"m";;"base, c_fin, o_fin";"Mage";"v_m_bd"
"bd_bl_r_g_c_avg";"Boiled Leather";;;;;"Body";;"bl";"r";"str";"base, o_fin";"Ranger";"v_r_bd"
"bd_le_f_g_c_avg";"Thick Leather";;;;;"Body";;"le";"f";;"base, c_fin, o_fin";"Fighter";"v_f_bd"
"bd_le_f_g_c_fun";"Crude Leather";;;;;"Body";;"le";"f";;"";"Fighter";"v_f_bd"
"bd_le_f_g_c_low";"Worn Leather";;;;;"Body";;"le";"f";;"";"Fighter";"v_f_bd"
"bd_le_m_g_c_avg";"Mage Leather";;;;;"Body";;"le";"m";;"base, c_str, o_avg, o_fin";"Mage";"v_m_bd"
"bd_le_r_g_c_avg";"Leather Armor";;;;;"Body";;"le";"r";;"base, o_fin";"Ranger";"v_r_bd"
"bd_le_r_g_c_low";"Tattered Leather";;;;;"Body";;"le";"r";;"";"Ranger";"v_r_bd"
"bd_ra_bl_f_g_c_str";"Rock Pelt";;;;;"Body";"rare";"bl";"f";"str";"base, o_fin";"Fighter";"v_f_bd_ru"
"bd_ra_bl_m_g_c_fin";"Night Leather";;;;;"Body";"rare";"bl";"m";;"base, o_fin";"Mage";"v_m_bd_ru"
"bd_ra_bl_r_g_o_fin";"Stellar Leather";;;;;"Body";"rare";"bl";"r";"str";"base";"Ranger";"v_r_amr_ru"
"bd_ra_le_f_g_c_fin";"Fused Leather";;;;;"Body";"rare";"le";"f";"str";"base";"Fighter";"v_f_bd_ru"
"bd_ra_le_m_g_o_avg";"Dream Leather";;;;;"Body";"rare";"le";"m";;"base";"Mage";"v_m_bd_ru"
"bd_ra_le_r_g_o_fin";"Noble Leather";;;;;"Body";"rare";"le";"r";"str";"base";"Ranger";"v_r_amr_ru"
"bd_ra_sl_m_g_c_avg";"Classic Leather";;;;;"Body";"rare";"sl";"m";;"base, c_fin, c_str, o_fin, o_str";"Mage";"v_m_bd_ru"
"bd_ra_sl_r_g_c_avg";"Marshal Leather";;;;;"Body";"rare";"sl";"r";;"base, c_fin, c_str";"Ranger";"v_r_amr_ru"
"bd_sl_f_g_c_avg";"Cleated Leather";;;;;"Body";;"sl";"f";"str";"base, c_str, o_fin";"Fighter";"v_f_bd"
"bd_sl_f_g_c_fun";"Torn Leather";;;;;"Body";;"sl";"f";;"";"Fighter";"v_f_bd"
"bd_sl_m_g_c_avg";"Riveted Leather";;;;;"Body";;"sl";"m";;"base, c_fin, c_mag, c_str, o_avg, o_fin, o_str";"Mage";"v_m_bd"
"bd_sl_m_g_c_fun";"Weathered Leather";;;;;"Body";;"sl";"m";;"";"Mage";"v_m_bd"
"bd_sl_r_g_c_avg";"Studded Leather";;;;;"Body";;"sl";"r";;"base, c_fin, c_mag, c_str, o_avg, o_fin, o_mag, o_str";"Ranger";"v_r_bd"
"bd_un_bl_f_g_c_blood";"Lord Hovart's Blood Armor";;;;;"Body";"unique";"bl";"f";"str";"base";"Fighter";"v_f_bd_ru"
"bd_un_bl_r_leaf";"Woodland Leather";;;;;"Body";"unique";"bl";"r";"str";"base";"Ranger";"v_r_amr_ru"
"bd_un_le_f_pad_avg";"Altan's Leather";;;"excluded";;"Body";"unique";"le";"f";;"base";"Fighter";"v_f_bd_ru"
"bd_un_sl_f_barbarian";"Olaf's Studded Leather";;;;;"Body";"unique";"sl";"f";"str";"base";"Fighter";"v_f_bd_ru"
"bd_ba_f_g_c_avg";"Banded Armor";;;;;"Body";;"ba";"f";"str";"base, o_fin, o_mag, o_str";"Fighter";"v_f_bd"
"bd_ba_f_g_c_fun";"Stiff Banded Armor";;;;;"Body";;"ba";"f";"str";"base";"Fighter";"v_f_bd"
"bd_ba_f_g_c_low";"Crude Banded Armor";;;;;"Body";;"ba";"f";"str";"";"Fighter";"v_f_bd"
"bd_ba_m_g_c_str";"Mage Banded Armor";;;;;"Body";;"ba";"m";"str";"base";"Mage";"v_m_bd"
"bd_ba_r_g_o_fin";"Ranger Banded Armor";;;;;"Body";;"ba";"r";"str";"base";"Ranger";"v_r_bd"
"bd_bp_f_g_c_avg";"Battle Plate";;;;;"Body";;"bp";"f";"str";"base, c_fin, c_str, o_mag, o_str";"Fighter";"v_f_bd"
"bd_bp_f_g_c_fun";"Basic Battle Plate";;;;;"Body";;"bp";"f";"str";"";"Fighter";"v_f_bd"
"bd_br_f_g_c_avg";"Heavy Brigandine";;;;;"Body";;"br";"f";"str";"base, c_str, o_fin";"Fighter";"v_f_bd"
"bd_br_f_g_c_low";"Haggard Brigandine";;;;;"Body";;"br";"f";"str";"";"Fighter";"v_f_bd"
"bd_br_m_g_c_avg";"Thin Brigandine";;;;;"Body";;"br";"m";;"base, c_mag, o_fin";"Mage";"v_m_bd"
"bd_br_m_g_c_low";"Flimsy Brigandine";;;;;"Body";;"br";"m";;"";"Mage";"v_m_bd"
"bd_br_r_g_c_avg";"Brigandine Armor";;;;;"Body";;"br";"r";"str";"base, c_fin, o_mag";"Ranger";"v_r_bd"
"bd_fp_f_g_c_avg";"Full Plate";;;;;"Body";;"fp";"f";"str";"base, c_str, o_fin, o_mag, o_str";"Fighter";"v_f_bd"
"bd_fp_f_g_c_fun";"Bulky Full Plate";;;;;"Body";;"fp";"f";"str";"";"Fighter";"v_f_bd"
"bd_fp_m_g_o_mag";"Thin Plate";;;;;"Body";;"fp";"m";"str";"base";"Mage";"v_m_bd"
"bd_fp_r_g_c_avg";"Quarter Plate";;;;;"Body";;"fp";"r";"str";"base";"Ranger";"v_r_bd"
"bd_pl_f_g_c_avg";"Heavy Plate";;;;;"Body";;"pl";"f";"str";"base, c_fin";"Fighter";"v_f_bd"
"bd_pl_f_g_c_fun";"Common Heavy Plate";;;;;"Body";;"pl";"f";"str";"";"Fighter";"v_f_bd"
"bd_pl_f_g_c_low";"Dented Heavy Plate";;;;;"Body";;"pl";"f";"str";"";"Fighter";"v_f_bd"
"bd_pl_m_g_c_str";"Mage Plate";;;;;"Body";;"pl";"m";"str";"base";"Mage";"v_m_bd"
"bd_pl_r_g_c_fin";"Ranger Plate";;;;;"Body";;"pl";"r";"str";"base, o_str";"Ranger";"v_r_bd"
"bd_ra_ba_f_g_o_fin";"Fused Steel";;;;;"Body";"rare";"ba";"f";"str";"base, o_mag";"Fighter";"v_f_bd_ru"
"bd_ra_bp_f_g_c_fin";"Stellar Plate";;;;;"Body";"rare";"bp";"f";"str";"base, c_str";"Fighter";"v_f_bd_ru"
"bd_ra_br_f_g_c_str";"Clay Brigandine";;;;;"Body";"rare";"br";"f";"str";"base";"Fighter";"v_f_bd_ru"
"bd_ra_br_m_g_o_fin";"Compact Brigandine";;;;;"Body";"rare";"br";"m";"str";"base, c_mag";"Mage";"v_m_bd_ru"
"bd_ra_br_r_g_c_avg";"Prime Brigandine";;;;;"Body";"rare";"br";"r";"str";"base, c_fin";"Ranger";"v_r_amr_ru"
"bd_ra_fp_f_g_o_fin";"Cardinal Plate";;;;;"Body";"rare";"fp";"f";"str";"base, o_str";"Fighter";"v_f_bd_ru"
"bd_ra_fp_r_g_c_avg";"Imperial Plate";;;;;"Body";"rare";"fp";"r";"str";"base";"Ranger";"v_r_amr_ru"
"bd_un_ba_f_g_skeleton_captain";"Ancient Banded";;;"excluded";;"Body";"unique";"ba";"f";"str";"base";"Fighter";"v_f_bd_ru"
"bd_un_br_f_bone";"Bone Plate";;;;;"Body";"unique";"br";"f";"str";"base";"Fighter";"v_f_bd_ru"
"bd_un_br_f_copper";"Copper Plate";;;;;"Body";"unique";"br";"f";"str";"base";"Fighter";"v_f_bd_ru"
"bd_un_br_f_d_c_str";"Cirene Scale";;;;;"Body";"unique";"br";"f";"str";"base";"Fighter";"v_f_bd_ru"
"bd_un_br_f_spider";"Black Widow Brigandine";;;;;"Body";"unique";"br";"f";"str";"base";"Fighter";"v_f_bd_ru"
"bd_un_br_r_d_o_str";"Plate Coat";;;;;"Body";"unique";"br";"r";"str";"base";"Ranger";"v_r_amr_ru"
"bd_un_fp_f_g_c_mag";"Magical Plate";;;;;"Body";"unique";"fp";"f";"str";"base, o_mag";"Fighter";"v_f_bd_ru"
"bd_un_pl_f_crystal";"Crystal Plate";;;;;"Body";"unique";"pl";"f";"str";"base";"Fighter";"v_f_bd_ru"
"bd_un_pl_f_g_c_avg";"Solid Plate";;;;;"Body";"unique";"pl";"f";"str";"base, c_fin";"Fighter";"v_f_bd_ru"
"bd_un_pl_f_g_c_fun";"Standard Plate";;;;;"Body";"unique";"pl";"f";"str";"base";"Fighter";"v_f_bd_ru"
"bo_bo_br_f_g_c_avg";"Brigandine Boots";;;;;"Boots";;"br";"f";"str";"base, c_fin, c_mag, c_str, o_avg, o_fin, o_mag, o_str";"Fighter";"v_f_bo"
"bo_bo_ch_f_g_c_avg";"Chain Boots";;;;;"Boots";;"ch";"f";"str";"base, c_fin, c_mag, c_str, o_avg, o_fin, o_mag, o_str";"Fighter";"v_f_bo"
"bo_bo_le_f_g_c_avg";"Leather Boots";;;;;"Boots";;"le";"f";;"base, c_fin, c_mag, c_str, o_avg, o_fin, o_mag, o_str";"Fighter";"v_f_bo"
"bo_bo_le_f_g_c_healthy";"Healthy Boots";;;"excluded";;"Boots";;"le";"f";;"";"Fighter";"v_f_bo_ru"
"bo_bo_le_f_g_c_satin";"Satin Boots";;;"excluded";;"Boots";;"le";"f";"int";"";"Mage";"v_m_hgb_ru"
"bo_bo_le_light";"Light Boots";;;"excluded";;"Boots";;"le";;;"";;"x_any"
"bo_bo_sc_f_g_c_avg";"Scale Boots";;;;;"Boots";;"sc";"f";"str";"base, c_fin, c_mag, c_str, o_avg, o_fin, o_mag, o_str";"Fighter";"v_f_bo"
"bo_bo_sl_f_g_c_avg";"Studded Leather Boots";;;;;"Boots";;"sl";"f";"str";"base, c_fin, c_mag, c_str, o_avg, o_fin, o_mag, o_str";"Fighter";"v_f_bo"
"bo_gr_ba_f_g_c_avg";"Banded Greaves";;;;;"Boots";;"ba";"f";"str";"base, c_fin, c_mag, c_str, o_avg, o_fin, o_mag, o_str";"Fighter";"v_f_bo"
"bo_gr_bl_f_g_c_avg";"Boiled Leather Greaves";;;;;"Boots";;"bl";"f";"str";"base, c_fin, c_mag, c_str, o_avg, o_fin, o_mag, o_str";"Fighter";"v_f_bo"
"bo_gr_fp_f_g_c_avg";"Full Plate Greaves";;;;;"Boots";;"fp";"f";"str";"base, c_fin, c_mag, c_str, o_avg, o_fin, o_mag, o_str";"Fighter";"v_f_bo"
"bo_ra_bo_br_f_g_c_fin";"Sporting Boots";;;;;"Boots";"rare";"br";"f";"str";"base, c_mag, o_fin";"Fighter";"v_f_bo_ru"
"bo_ra_bo_ch_f_g_c_fin";"Kicker Boots";;;;;"Boots";"rare";"ch";"f";"str";"base, c_mag, o_fin, o_str";"Fighter";"v_f_bo_ru"
"bo_ra_bo_le_f_g_c_fin";"Ready Boots";;;;;"Boots";"rare";"le";"f";;"base, o_fin";"Fighter";"v_f_bo_ru"
"bo_ra_bo_sc_f_g_c_fin";"Blade Boots";;;;;"Boots";"rare";"sc";"f";"str";"base, o_fin, o_mag";"Fighter";"v_f_bo_ru"
"bo_ra_bo_sl_f_g_c_fin";"Rock Pelt Boots";;;;;"Boots";"rare";"sl";"f";"str";"base, o_fin, o_str";"Fighter";"v_f_bo_ru"
"bo_ra_gr_ba_f_g_c_fin";"Pain Greaves";;;;;"Boots";"rare";"ba";"f";"str";"base, o_fin, o_mag";"Fighter";"v_f_bo_ru"
"bo_ra_gr_bl_f_g_c_fin";"Hunter Greaves";;;;;"Boots";"rare";"bl";"f";"str";"base, c_mag, o_fin, o_str";"Fighter";"v_f_bo_ru"
"bo_ra_gr_fp_f_g_c_fin";"Steel Greaves";;;;;"Boots";"rare";"fp";"f";"str";"base, c_str, o_fin, o_str";"Fighter";"v_f_bo_ru"
"bo_un_bo_br_f_bone";"Bone Boots";;;;;"Boots";"unique";"br";"f";"str";"base";"Fighter";"v_f_bo_ru"
"bo_un_bo_br_f_spider";"Black Widow Greaves";;;;;"Boots";"unique";"br";"f";"str";"base";"Fighter";"v_f_bo_ru"
"bo_un_bo_ch_r_green";"Woodland Boots";;;;;"Boots";"unique";"ch";"r";"str";"base";"Ranger";"v_r_amr_ru"
"bo_un_bo_pl_f_crytstal";"Crystal Boots";;;;;"Boots";"unique";"pl";"f";"str";"base";"Fighter";"v_f_bo_ru"
"bo_un_bo_ro_m_molten";"Molten Boots";;;;;"Boots";"unique";"ro";"m";"str";"base";"Fighter";"v_f_bo_ru"
"bo_un_bo_sc_f_dragon";"Serpentine Boots";;;;;"Boots";"unique";"sc";"f";"str";"base";"Fighter";"v_f_bo_ru"
"bo_un_bo_sl_f_barbarian";"Olaf's Boots";;;;;"Boots";"unique";"sl";"f";;"base";"Fighter";"v_f_bo_ru"
"gl_ga_ba_f_g_c_avg";"Banded Gauntlets";;;;;"Gloves";;"ba";"f";"str";"base, c_fin, c_mag, c_str, o_avg, o_fin, o_mag, o_str";"Fighter";"v_f_gl"
"gl_ga_bl_f_g_c_avg";"Boiled Leather Gauntlets";;;;;"Gloves";;"bl";"f";"str";"base, c_fin, c_mag, c_str, o_avg, o_fin, o_mag, o_str";"Fighter";"v_f_gl"
"gl_ga_br_f_g_c_avg";"Brigandine Gauntlets";;;;;"Gloves";;"br";"f";"str";"base, c_fin, c_mag, c_str, o_avg, o_fin, o_mag, o_str";"Fighter";"v_f_gl"
"gl_ga_fp_f_g_c_avg";"Full Plate Gauntlets";;;;;"Gloves";;"fp";"f";"str";"base, c_fin, c_mag, c_str, o_avg, o_fin, o_mag, o_str";"Fighter";"v_f_gl"
"gl_ga_sc_f_g_c_avg";"Scale Gauntlets";;;;;"Gloves";;"sc";"f";"str";"base, c_fin, c_mag, c_str, o_avg, o_fin, o_mag, o_str";"Fighter";"v_f_gl"
"gl_gl_bl_f_g_c_avg";"Boiled Leather Gloves";;;;;"Gloves";;"bl";"f";"str";"base, c_fin, c_mag, c_str, o_avg, o_fin, o_mag, o_str";"Fighter";"v_f_gl"
"gl_gl_br_f_g_c_avg";"Brigandine Gloves";;;;;"Gloves";;"br";"f";"str";"base, c_fin, c_mag, c_str, o_avg, o_fin, o_mag, o_str";"Fighter";"v_f_gl"
"gl_gl_ch_f_g_c_avg";"Chain Gloves";;;;;"Gloves";;"ch";"f";"str";"base, c_fin, c_mag, c_str, o_avg, o_fin, o_mag, o_str";"Fighter";"v_f_gl"
"gl_gl_le_f_g_c_avg";"Leather Gloves";;;;;"Gloves";;"le";"f";;"base, c_fin, c_mag, c_str, o_avg, o_fin, o_mag, o_str";"Fighter";"v_f_gl"
"gl_gl_sc_f_g_c_avg";"Scale Gloves";;;;;"Gloves";;"sc";"f";"str";"base, c_fin, c_mag, c_str, o_avg, o_fin, o_mag, o_str";"Fighter";"v_f_gl"
"gl_gl_sl_f_g_c_avg";"Studded Leather Gloves";;;;;"Gloves";;"sl";"f";"str";"base, c_fin, c_mag, c_str, o_avg, o_fin, o_mag, o_str";"Fighter";"v_f_gl"
"gl_ra_ga_ba_f_g_c_fin";"Solar Gauntlets";;;;;"Gloves";"rare";"ba";"f";"str";"base, c_mag, c_str, o_fin, o_str";"Fighter";"v_f_gl_ru"
"gl_ra_ga_bl_f_g_c_fin";"Zenith Gauntlets";;;;;"Gloves";"rare";"bl";"f";"str";"base, o_fin";"Fighter";"v_f_gl_ru"
"gl_ra_ga_br_f_g_c_fin";"Spectral Gauntlets";;;;;"Gloves";"rare";"br";"f";"str";"base, o_fin, o_mag";"Fighter";"v_f_gl_ru"
"gl_ra_ga_fp_f_g_o_avg";"Chief Gauntlets";;;;;"Gloves";"rare";"fp";"f";"str";"base, c_fin, c_str, o_fin, o_str";"Fighter";"v_f_gl_ru"
"gl_ra_ga_sc_f_g_c_fin";"Terrestrial Gauntlets";;;;;"Gloves";"rare";"sc";"f";"str";"base, o_fin";"Fighter";"v_f_gl_ru"
"gl_ra_gl_bl_f_g_c_fin";"Marshal Gloves";;;;;"Gloves";"rare";"bl";"f";"str";"base, o_fin";"Fighter";"v_f_gl_ru"
"gl_ra_gl_br_f_g_c_fin";"Lunar Gloves";;;;;"Gloves";"rare";"br";"f";"str";"base, o_fin, o_mag, o_str";"Fighter";"v_f_gl_ru"
"gl_ra_gl_ch_f_g_c_fin";"Sultan Gloves";;;;;"Gloves";"rare";"ch";"f";"str";"base, c_mag, c_str, o_fin, o_str";"Fighter";"v_f_gl_ru"
"gl_ra_gl_le_f_g_c_fin";"Punisher Gloves";;;;;"Gloves";"rare";"le";"f";"str";"base, o_fin";"Fighter";"v_f_gl_ru"
"gl_ra_gl_sc_f_g_c_fin";"Rock Scale Gloves";;;;;"Gloves";"rare";"sc";"f";"str";"base, o_fin, o_str";"Fighter";"v_f_gl_ru"
"gl_ra_gl_sl_f_g_c_fin";"Secure Gloves";;;;;"Gloves";"rare";"sl";"f";"str";"base, o_fin";"Fighter";"v_f_gl_ru"
"gl_un_gl_br_f_spider";"Black Widow Gauntlets";;;;;"Gloves";"unique";"br";"f";"str";"base";"Fighter";"v_f_gl_ru"
"gl_un_gl_ch_r_green";"Woodland Gloves";;;;;"Gloves";"unique";"ch";"r";"str";"base";"Ranger";"v_r_amr_ru"
"gl_un_gl_pl_f_crystal";"Crystal Gauntlets";;;;;"Gloves";"unique";"pl";"f";"str";"base";"Fighter";"v_f_gl_ru"
"gl_un_gl_ro_m_molten";"Molten Gloves";;;;;"Gloves";"unique";"ro";"m";"str";"base";"Fighter";"v_f_gl_ru"
"gl_un_gl_sc_f_dragon";"Serpentine Gauntlets";;;;;"Gloves";"unique";"sc";"f";"str";"base";"Fighter";"v_f_gl_ru"
"he_ca_le_avg";"Leather Cap";;;;;"Helmet";;"le";;;"base";;"x_any"
"he_ca_pl_avg";"Steel Cap";;;;;"Helmet";;"pl";;"str";"base";"Fighter";"v_f_he"
"he_ca_pl_blue";"Iron Helm";;;;;"Helmet";;"pl";;"str";"base";"Fighter";"v_f_he"
"he_ca_pl_blue_02";"Onyx Helm";;;;;"Helmet";;"pl";;"str";"base";"Fighter";"v_f_he"
"he_ca_pl_cap";"Plate Cap";;;;;"Helmet";;"pl";;"str";"base";"Fighter";"v_f_he"
"he_ca_pl_cap_brown";"Earthen Helm";;;;;"Helmet";;"pl";;"str";"base";"Fighter";"v_f_he"
"he_ca_pl_dome";"Dome Cap";;;;;"Helmet";;"pl";;"str";"base";"Fighter";"v_f_he"
"he_ca_pl_fin";"Ridge Helm";;;;;"Helmet";;"pl";;"str";"base";"Fighter";"v_f_he"
"he_ca_pl_mag";"Brow Cap";;;;;"Helmet";;"pl";;"str";"base";"Fighter";"v_f_he"
"he_ca_pl_ornage";"Solar Cap";;;;;"Helmet";;"pl";;"str";"base";"Fighter";"v_f_he"
"he_ca_ro_felt_01";"Felt Cap";;;;;"Helmet";;"ro";;;"base";"Mage";"v_m_hgb"
"he_ca_ro_felt_02";"Felt Cap";;;;;"Helmet";;"ro";;;"base";"Mage";"v_m_hgb"
"he_ca_ro_felt_03";"Felt Cap";;;;;"Helmet";;"ro";;;"base";"Mage";"v_m_hgb"
"he_ca_ro_felt_04";"Felt Cap";;;;;"Helmet";;"ro";;"int";"base";"Mage";"v_m_hgb"
"he_ca_ro_flat_01";"Flat Cap";;;;;"Helmet";;"ro";;"int";"base";"Mage";"v_m_hgb"
"he_ca_ro_flat_02";"Flat Cap";;;;;"Helmet";;"ro";;"int";"base";"Mage";"v_m_hgb"
"he_ca_ro_flat_03";"Flat Cap";;;;;"Helmet";;"ro";;"int";"base";"Mage";"v_m_hgb"
"he_ca_ro_flat_04";"Flat Cap";;;;;"Helmet";;"ro";;"int";"base";"Mage";"v_m_hgb"
"he_ca_ro_gemblue";"Gem Cap";;;;;"Helmet";;"ro";;;"base";"Mage";"v_m_hgb"
"he_ca_ro_green";"Fabric Cap";;;;;"Helmet";;"ro";;;"base";"Mage";"v_m_hgb"
"he_ca_ro_slope_01";"Peak Cap";;;;;"Helmet";;"ro";;;"base";"Mage";"v_m_hgb"
"he_ca_ro_slope_02";"Peak Cap";;;;;"Helmet";;"ro";;;"base";"Mage";"v_m_hgb"
"he_ca_ro_slope_03";"Peak Cap";;;;;"Helmet";;"ro";;;"base";"Mage";"v_m_hgb"
"he_ca_ro_slope_04";"Peak Cap";;;;;"Helmet";;"ro";;"int";"base";"Mage";"v_m_hgb"
"he_ca_ro_thin_01";"Thin Cap";;;;;"Helmet";;"ro";;"int";"base";"Mage";"v_m_hgb"
"he_ca_ro_thin_02";"Thin Cap";;;;;"Helmet";;"ro";;;"base";"Mage";"v_m_hgb"
"he_ca_ro_thin_03";"Thin Cap";;;;;"Helmet";;"ro";;;"base";"Mage";"v_m_hgb"
"he_ca_ro_thin_04";"Thin Cap";;;;;"Helmet";;"ro";;;"base";"Mage";"v_m_hgb"
"he_ca_ro_turban_01";"Coiled Cap";;;;;"Helmet";;"ro";;"int";"base";"Mage";"v_m_hgb"
"he_ca_ro_turban_02";"Coiled Cap";;;;;"Helmet";;"ro";;"int";"base";"Mage";"v_m_hgb"
"he_ca_ro_turban_03";"Coiled Cap";;;;;"Helmet";;"ro";;"int";"base";"Mage";"v_m_hgb"
"he_ca_ro_turban_04";"Coiled Cap";;;;;"Helmet";;"ro";;"int";"base";"Mage";"v_m_hgb"
"he_ca_ro_wizard_01";"Wizard Cap";;;;;"Helmet";;"ro";;"int";"base";"Mage";"v_m_hgb"
"he_ca_ro_wizard_02";"Wizard Cap";;;;;"Helmet";;"ro";;"int";"base";"Mage";"v_m_hgb"
"he_ca_ro_wizard_03";"Wizard Cap";;;;;"Helmet";;"ro";;"int";"base";"Mage";"v_m_hgb"
"he_ca_ro_wizard_04";"Wizard Cap";;;;;"Helmet";;"ro";;"int";"base";"Mage";"v_m_hgb"
"he_ca_ro_wizard_05";"Wizard Cap";;;;;"Helmet";;"ro";;"int";"base";"Mage";"v_m_hgb"
"he_ca_ro_wizard_06";"Wizard Cap";;;;;"Helmet";;"ro";;"int";"base";"Mage";"v_m_hgb"
"he_ca_ro_wizard_07";"Wizard Cap";;;;;"Helmet";;"ro";;"int";"base";"Mage";"v_m_hgb"
"he_ca_ro_wooly_01";"Wooly Cap";;;;;"Helmet";;"ro";;;"base";"Mage";"v_m_hgb"
"he_ca_ro_wooly_02";"Wooly Cap";;;;;"Helmet";;"ro";;;"base";"Mage";"v_m_hgb"
"he_ca_ro_wooly_03";"Wooly Cap";;;;;"Helmet";;"ro";;"int";"base";"Mage";"v_m_hgb"
"he_ca_ro_wooly_04";"Wooly Cap";;;;;"Helmet";;"ro";;"int";"base";"Mage";"v_m_hgb"
"he_ca_ro_woven_01";"Thicket Helm";;;;;"Helmet";;"ro";;"int";"base";"Mage";"v_m_hgb"
"he_ca_ro_woven_02";"Woven Cap";;;;;"Helmet";;"ro";;"int";"base";"Mage";"v_m_hgb"
"he_ca_ro_woven_03";"Woven Cap";;;;;"Helmet";;"ro";;"int";"base";"Mage";"v_m_hgb"
"he_ca_ro_woven_04";"Woven Cap";;;;;"Helmet";;"ro";;"int";"base";"Mage";"v_m_hgb"
"he_ca_sl_avg";"Studded Cap";;;;;"Helmet";;"sl";;"str";"base";"Fighter";"v_f_he"
"he_fu_bronze";"Bronze Helm";;;;;"Helmet";;;;"str";"base";"Fighter";"v_f_he"
"he_fu_bronze_02";"Centaur Helm";;;;;"Helmet";;;;"str";"base";"Fighter";"v_f_he"
"he_fu_pl_desert";"Desert Helm";;;;;"Helmet";;"pl";;"str";"base";"Fighter";"v_f_he"
"he_fu_pl_grate";"Slotted Helm";;;;;"Helmet";;"pl";;"str";"base";"Fighter";"v_f_he"
"he_fu_pl_horn_avg";"Horned Helm";;;;;"Helmet";;"pl";;"str";"base";"Fighter";"v_f_he"
"he_fu_pl_horn_fin";"Bull Helm";;;;;"Helmet";;"pl";;"str";"base";"Fighter";"v_f_he"
"he_fu_pl_horn_fin_02";"Brute Helm";;;;;"Helmet";;"pl";;"str";"base";"Fighter";"v_f_he"
"he_fu_pl_horn_fin_03";"Black Helm";;;;;"Helmet";;"pl";;"str";"base";"Fighter";"v_f_he"
"he_fu_pl_horn_mag";"Regal Helm";;;;;"Helmet";;"pl";;"str";"base";"Fighter";"v_f_he"
"he_fu_pl_horn_mag_02";"Raven Helm";;;;;"Helmet";;"pl";;"str";"base";"Fighter";"v_f_he"
"he_fu_pl_knight";"Great Helm";;;;;"Helmet";;"pl";;"str";"base";"Fighter";"v_f_he"
"he_fu_pl_knight_02";"Blaster Helm";;;;;"Helmet";;"pl";;"str";"base";"Fighter";"v_f_he"
"he_fu_pl_knight_fin";"Knight Helm";;;;;"Helmet";;"pl";;"str";"base";"Fighter";"v_f_he"
"he_fu_pl_knight_fin_02";"Karlat's Magic Helm";;;;;"Helmet";;"pl";;"str";"base";"Fighter";"v_f_he"
"he_fu_pl_knight_fin_03";"Sightless Helm";;;"excluded";;"Helmet";;"pl";;"str";"base";"Fighter";"v_f_he_ru"
"he_fu_pl_knight_str";"War Helm";;;;;"Helmet";;"pl";;"str";"base";"Fighter";"v_f_he"
"he_fu_pl_knight_str_02";"Bluster Helm";;;;;"Helmet";;"pl";;"str";"base";"Fighter";"v_f_he"
"he_fu_pl_smallwings";"Hawk Helm";;;;;"Helmet";;"pl";;"str";"base";"Fighter";"v_f_he"
"he_fu_pl_smallwings_02";"Guardian Helm";;;;;"Helmet";;"pl";;"str";"base";"Fighter";"v_f_he"
"he_fu_pl_smallwings_kavaren";"Utraean Helm";;;"excluded";;"Helmet";;"pl";;"str";"base";"Fighter";"v_f_he_ru"
"he_fu_pl_spike";"Spiked Helm";;;;;"Helmet";;"pl";;"str";"base";"Fighter";"v_f_he"
"he_fu_pl_str";"Heavy Helm";;;;;"Helmet";;"pl";;"str";"base";"Fighter";"v_f_he"
"he_op_bigwings";"Soaring Helm";;;;;"Helmet";;;;"str";"base";"Fighter";"v_f_he"
"he_op_bigwings_02";"Winged Helm";;;;;"Helmet";;;;"str";"base";"Fighter";"v_f_he"
"he_op_pl_avg";"Sentry Helm";;;;;"Helmet";;"pl";;"str";"base";"Fighter";"v_f_he"
"he_op_pl_cone";"Tusk Helm";;;;;"Helmet";;"pl";;"str";"base";"Fighter";"v_f_he"
"he_op_pl_eyes";"Face Helm";;;;;"Helmet";;"pl";;"str";"base";"Fighter";"v_f_he"
"he_op_pl_roman";"Parade Helm";;;;;"Helmet";;"pl";;"str";"base";"Fighter";"v_f_he"
"he_op_pl_roman_02";"Sovereign Helm";;;;;"Helmet";;"pl";;"str";"base";"Fighter";"v_f_he"
"he_op_pl_santa";"Crimson Helm";;;;;"Helmet";;"pl";;"str";"base";"Fighter";"v_f_he"
"he_op_pl_santa_02";"Dashing Helm";;;;;"Helmet";;"pl";;"str";"base";"Fighter";"v_f_he"
"he_ra_ca_le_avg";"Pauper Cap";;;;;"Helmet";"rare";"le";;;"base";;"x_any"
"he_ra_ca_pl_avg";"Snug Cap";;;;;"Helmet";"rare";"pl";;"str";"base";"Fighter";"v_f_he_ru"
"he_ra_ca_pl_cap";"Wanderer Cap";;;;;"Helmet";"rare";"pl";;"str";"base";"Fighter";"v_f_he_ru"
"he_ra_ca_pl_dome";"Sheen Cap";;;;;"Helmet";"rare";"pl";;"str";"base";"Fighter";"v_f_he_ru"
"he_ra_ca_ro_felt_01";"Rustic Cap";;;;;"Helmet";"rare";"ro";;"int";"base";"Mage";"v_m_hgb_ru"
"he_ra_ca_ro_flat_02";"Pressed Cap";;;;;"Helmet";"rare";"ro";;"int";"base";"Mage";"v_m_hgb_ru"
"he_ra_ca_ro_slope_04";"Cerebral Cap";;;;;"Helmet";"rare";"ro";;"int";"base";"Mage";"v_m_hgb_ru"
"he_ra_ca_ro_thin_04";"Scratchy Cap";;;;;"Helmet";"rare";"ro";;;"base";"Mage";"v_m_hgb_ru"
"he_ra_ca_ro_wizard_03";"Knowledge Cap";;;;;"Helmet";"rare";"ro";;"int";"base";"Mage";"v_m_hgb_ru"
"he_ra_ca_ro_wizard_04";"Knowledge Cap";;;;;"Helmet";"rare";"ro";;;"base";"Mage";"v_m_hgb_ru"
"he_ra_ca_ro_wizard_06";"Knowledge Cap";;;;;"Helmet";"rare";"ro";;"int";"base";"Mage";"v_m_hgb_ru"
"he_ra_ca_ro_wooly_02";"Warmth Cap";;;;;"Helmet";"rare";"ro";;"int";"base";"Mage";"v_m_hgb_ru"
"he_ra_ca_ro_wooly_04";"Warmth Cap";;;;;"Helmet";"rare";"ro";;"int";"base";"Mage";"v_m_hgb_ru"
"he_ra_ca_ro_woven_03";"Loom Cap";;;;;"Helmet";"rare";"ro";;"int";"base";"Mage";"v_m_hgb_ru"
"he_ra_ca_sl_avg";"Traveling Cap";;;;;"Helmet";"rare";"sl";;"str";"base";"Fighter";"v_f_he_ru"
"he_ra_fu_pl_desert";"Seething Helm";;;;;"Helmet";"rare";"pl";;"str";"base";"Fighter";"v_f_he_ru"
"he_ra_fu_pl_horn_fin";"Gore Helm";;;;;"Helmet";"rare";"pl";;"str";"base";"Fighter";"v_f_he_ru"
"he_ra_fu_pl_horn_mag";"Conqueror Helm";;;;;"Helmet";"rare";"pl";;"str";"base";"Fighter";"v_f_he_ru"
"he_ra_fu_pl_knight";"Echo Helm";;;;;"Helmet";"rare";"pl";;"str";"base";"Fighter";"v_f_he_ru"
"he_ra_fu_pl_knight_fin";"Bloody Helm";;;;;"Helmet";"rare";"pl";;"str";"base";"Fighter";"v_f_he_ru"
"he_ra_fu_pl_knight_fin_02";"Bloody Helm";;;;;"Helmet";"rare";"pl";;"str";"base";"Fighter";"v_f_he_ru"
"he_ra_fu_pl_knight_str";"Menacing Helm";;;;;"Helmet";"rare";"pl";;"str";"base";"Fighter";"v_f_he_ru"
"he_ra_fu_pl_spike";"Prickly Helm";;;;;"Helmet";"rare";"pl";;"str";"base";"Fighter";"v_f_he_ru"
"he_ra_fu_pl_str";"Bolted Helm";;;;;"Helmet";"rare";"pl";;"str";"base";"Fighter";"v_f_he_ru"
"he_ra_op_bigwings";"Spirited Helm";;;;;"Helmet";"rare";;;"str";"base";"Fighter";"v_f_he_ru"
"he_ra_op_pl_avg";"Jaw Helm";;;;;"Helmet";"rare";"pl";;"str";"base";"Fighter";"v_f_he_ru"
"he_ra_op_pl_cone";"Stature Helm";;;;;"Helmet";"rare";"pl";;"str";"base";"Fighter";"v_f_he_ru"
"he_ra_op_pl_roman";"Whiplash Helm";;;;;"Helmet";"rare";"pl";;"str";"base";"Fighter";"v_f_he_ru"
"he_ra_un_fu_pl_skull";"Disturbed Helm";;;;;"Helmet";"unique";"pl";;"str";"base";"Fighter";"v_f_he_ru"
"he_ra_vi_pl_knight";"Burdened Helm";;;;;"Helmet";"rare";"pl";;"str";"base";"Fighter";"v_f_he_ru"
"he_un_ca_barbarian";"Olaf's Helmet";;;;;"Helmet";"unique";;;"str";"base";"Fighter";"v_f_he_ru"
"he_un_ca_cowskull";"Bovine Helm";;;;;"Helmet";"unique";;;"str";"base";"Fighter";"v_f_he_ru"
"he_un_ca_brim";"Brimmed Hat";;;;;"Helmet";"unique";;;"str";"base";"Fighter";"v_f_he_ru"
"he_un_ca_moon";"Luna Cap";;;;;"Helmet";"unique";;;"str";"base";"Fighter";"v_f_he_ru"
"he_un_ca_pl_guard_archer";"Archer Helm";;;"excluded";;"Helmet";"unique";"pl";;"str";"base";"Fighter";"v_f_he_ru"
"he_un_ca_ro_warlock";"Warlock Hat";;;;;"Helmet";"unique";"ro";;;"base";"Mage";"v_m_hgb_ru"
"he_un_ca_tallcrown";"Imperial Helm";;;;;"Helmet";"unique";;;"str";"base";"Fighter";"v_f_he_ru"
"he_un_fu_crystal";"Crystal Helm";;;;;"Helmet";"unique";;;"str";"base";"Fighter";"v_f_he_ru"
"he_un_fu_eyebrows";"Eye Helm";;;;;"Helmet";"unique";;;"str";"base";"Fighter";"v_f_he_ru"
"he_un_fu_pl_fish";"Fish Helm";;;;;"Helmet";"unique";"pl";;"str";"base";"Fighter";"v_f_he_ru"
"he_un_fu_pl_fish_02";"Dragonfly Helm";;;;;"Helmet";"unique";"pl";;"str";"base";"Fighter";"v_f_he_ru"
"he_un_fu_pl_skull";"Carnage Helm";;;;;"Helmet";"unique";"pl";;"str";"base";"Fighter";"v_f_he_ru"
"he_un_mask_bone";"Bone Helm";;;;;"Helmet";"unique";;;"str";"base";"Fighter";"v_f_he_ru"
"he_un_op_pl_guard_captain";"Captain Helm";;;"excluded";;"Helmet";"unique";"pl";;"str";"base";"Fighter";"v_f_he_ru"
"he_un_op_pl_guard_fighter";"Guard Helm";;;"excluded";;"Helmet";"unique";"pl";;"str";"base";"Fighter";"v_f_he_ru"
"he_un_spider";"Black Widow Helmet";;;;;"Helmet";"unique";;;"str";"base";"Fighter";"v_f_he_ru"
"he_un_vi_dragon";"Serpentine Helmet";;;;;"Helmet";"unique";;;"str";"base";"Fighter";"v_f_he_ru"
"he_un_vi_moto";"Challenger Helm";;;;;"Helmet";"unique";;;"str";"base";"Fighter";"v_f_he_ru"
"he_vi_pl_knight";"Knight Helm";;;;;"Helmet";;"pl";;"str";"base";"Fighter";"v_f_he"
"sh_m_g_c_r_s_avg";"Metal Buckler";;;;;"Shield";;;;"str";"c_mag, c_str, o_avg, o_fin, o_mag, o_str";"Fighter";"v_f_sh"
"sh_m_g_c_r_s_low";"Rusted Metal Buckler";;;;;"Shield";;;;;"";"Fighter";"v_f_sh"
"sh_ra_m_c_h_s_practice";"Practice Shield";;;;;"Shield";"rare";;;"str";"base";"Fighter";"v_f_sh_ru"
"sh_ra_m_c_k_m_practice";"Practice Kite Shield";;;;;"Shield";"rare";;;"str";"base";"Fighter";"v_f_sh_ru"
"sh_ra_m_c_r_l_stamp";"Stamp Shield";;;;;"Shield";"rare";;;"str";"base";"Fighter";"v_f_sh_ru"
"sh_ra_m_c_r_m_decrepit";"Decrepit Shield";;;;;"Shield";"rare";;;;"base";"Fighter";"v_f_sh_ru"
"sh_ra_m_c_r_m_rivet";"Rivet Buckler";;;;;"Shield";"rare";;;"str";"base";"Fighter";"v_f_sh_ru"
"sh_ra_m_c_r_m_serrated";"Serrated Shield";;;;;"Shield";"rare";;;"str";"base";"Fighter";"v_f_sh_ru"
"sh_ra_m_c_r_m_strapped";"Strapped Shield";;;;;"Shield";"rare";;;"str";"base";"Fighter";"v_f_sh_ru"
"sh_ra_m_c_r_m_wreath";"Wreath Shield";;;;;"Shield";"rare";;;"str";"base";"Fighter";"v_f_sh_ru"
"sh_ra_m_g_o_r_s_fin";"Tortoise Shield";;;;;"Shield";"rare";;;"str";"o_str";"Fighter";"v_f_sh_ru"
"sh_ra_m_o_h_s_spine";"Spine Shield";;;;;"Shield";"rare";;;"str";"base";"Fighter";"v_f_sh_ru"
"sh_ra_m_o_r_m_cinder";"Crimson Shield";;;;;"Shield";"rare";;;"str";"base";"Fighter";"v_f_sh_ru"
"sh_ra_m_o_r_m_disc";"Disc Shield";;;;;"Shield";"rare";;;"str";"base";"Fighter";"v_f_sh_ru"
"sh_ra_m_o_r_m_frost";"Frost Shield";;;;;"Shield";"rare";;;"str";"base";"Fighter";"v_f_sh_ru"
"sh_ra_m_o_r_m_quad";"Quad Shield";;;;;"Shield";"rare";;;"str";"base";"Fighter";"v_f_sh_ru"
"sh_ra_m_o_r_m_shell";"Shell Shield";;;;;"Shield";"rare";;;"str";"base";"Fighter";"v_f_sh_ru"
"sh_ra_m_o_r_s_etched";"Etched Shield";;;;;"Shield";"rare";;;"str";"base";"Fighter";"v_f_sh_ru"
"sh_ra_w_c_c_m_strike";"Strike Shield";;;;;"Shield";"rare";;;"str";"base";"Fighter";"v_f_sh_ru"
"sh_ra_w_c_k_m_braced";"Braced Shield";;;;;"Shield";"rare";;;"str";"base";"Fighter";"v_f_sh_ru"
"sh_ra_w_c_k_s_pelt";"Pelt Shield";;;;;"Shield";"rare";;;;"base";"Fighter";"v_f_sh_ru"
"sh_ra_w_g_c_h_m_fin";"Ordained Shield";;;;;"Shield";"rare";;;"str";"base, c_str, o_fin";"Fighter";"v_f_sh_ru"
"sh_ra_w_g_c_k_l_fin";"Forged Shield";;;;;"Shield";"rare";;;"str";"base, c_str, o_fin, o_str";"Fighter";"v_f_sh_ru"
"sh_ra_w_g_c_k_m_fin";"Clobber Shield";;;;;"Shield";"rare";;;"str";"base, c_mag, c_str, o_mag, o_str";"Fighter";"v_f_sh_ru"
"sh_ra_w_g_c_r_m_fin";"Forthright Shield";;;;;"Shield";"rare";;;"str";"base, o_fin, o_mag, o_str";"Fighter";"v_f_sh_ru"
"sh_ra_w_g_c_r_s_fin";"Impact Shield";;;;;"Shield";"rare";;;"str";"base, o_fin";"Fighter";"v_f_sh_ru"
"sh_ra_w_g_o_k_m_fin";"Clipper Shield";;;;;"Shield";"rare";;;"str";"base";"Fighter";"v_f_sh_ru"
"sh_ra_w_g_o_t_l_avg";"Savior Shield";;;;;"Shield";"rare";;;"str";"base, c_fin, c_mag, c_str, o_fin, o_str";"Fighter";"v_f_sh_ru"
"sh_ra_w_o_k_m_haze";"Haze Shield";;;;;"Shield";"rare";;;"str";"base";"Fighter";"v_f_sh_ru"
"sh_u_g_c_k_l_avg";"Mystic Kite Shield";;;"excluded";;"Shield";;;;"str";"base";"Fighter";"v_f_sh_ru"
"sh_u_g_c_r_m_avg";"Slat Shield";;;;;"Shield";;;;"str";"";"Fighter";"v_f_sh"
"sh_u_g_c_r_s_avg";"Stock Shield";;;;;"Shield";;;;"str";"";"Fighter";"v_f_sh"
"sh_un_kite_ice";"Ice Shield";;;;;"Shield";"unique";;;"str";"base";"Fighter";"v_f_sh_ru"
"sh_un_m_c_h_m_mold";"Mold Shield";;;;;"Shield";"unique";;;"str";"base";"Fighter";"v_f_sh_ru"
"sh_un_m_o_c_m_parade";"Parade Shield";;;;;"Shield";"unique";;;"str";"base";"Fighter";"v_f_sh_ru"
"sh_un_m_o_c_m_vesicle";"Vesicle Shield";;;;;"Shield";"unique";;;"str";"base";"Fighter";"v_f_sh_ru"
"sh_un_m_o_h_s_horn";"Horn Shield";;;;;"Shield";"unique";;;"str";"base";"Fighter";"v_f_sh_ru"
"sh_un_m_o_h_s_ram";"Ram Shield";;;;;"Shield";"unique";;;"str";"base";"Fighter";"v_f_sh_ru"
"sh_un_m_o_k_m_dermal";"Dermal Shield";;;"excluded";;"Shield";"unique";;;"str";"base";"Fighter";"v_f_sh_ru"
"sh_un_m_o_k_m_guardian";"Guardian Shield";;;;;"Shield";"unique";;;"str";"base";"Fighter";"v_f_sh_ru"
"sh_un_m_o_k_m_maw";"Maw Shield";;;;;"Shield";"unique";;;"str";"base";"Fighter";"v_f_sh_ru"
"sh_un_m_o_k_m_sumbioum";"Subioum Shield";;;;;"Shield";"unique";;;"str";"base";"Fighter";"v_f_sh_ru"
"sh_un_m_o_r_m_aurora";"Aurora Shield";;;;;"Shield";"unique";;;"str";"base";"Fighter";"v_f_sh_ru"
"sh_un_m_o_r_m_canker";"Canker Shield";;;;;"Shield";"unique";;;"str";"base";"Fighter";"v_f_sh_ru"
"sh_un_m_o_r_m_chitin";"Chitin Shield";;;;;"Shield";"unique";;;"str";"base";"Fighter";"v_f_sh_ru"
"sh_un_m_o_r_m_fury";"Fury Shield";;;;;"Shield";"unique";;;"str";"base";"Fighter";"v_f_sh_ru"
"sh_un_m_o_r_m_spirit";"Spirit Shield";;;;;"Shield";"unique";;;"str";"base";"Fighter";"v_f_sh_ru"
"sh_un_m_o_r_m_turtle";"Turtle Shield";;;;;"Shield";"unique";;;"str";"base";"Fighter";"v_f_sh_ru"
"sh_un_w_o_h_m_beast";"Beast Shield";;;;;"Shield";"unique";;;"str";"base";"Fighter";"v_f_sh_ru"
"sh_un_w_o_k_m_crown";"Crown Shield";;;;;"Shield";"unique";;;"str";"base";"Fighter";"v_f_sh_ru"
"sh_w_g_c_h_m_avg";"Heater Shield";;;;;"Shield";;;;"str";"base, c_mag, c_str, o_avg, o_mag, o_str";"Fighter";"v_f_sh"
"sh_w_g_c_k_l_avg";"Large Kite Shield";;;;;"Shield";;;;"str";"base, c_fin, c_str, o_avg, o_str";"Fighter";"v_f_sh"
"sh_w_g_c_k_m_avg";"Kite Shield";;;;;"Shield";;;;"str";"base, c_fin, c_mag, c_str, o_avg, o_mag, o_str";"Fighter";"v_f_sh"
"sh_w_g_c_r_m_avg";"Wooden Shield";;;;;"Shield";;;;"str";"base, c_mag, c_str, o_avg, o_fin, o_mag, o_str";"Fighter";"v_f_sh"
"sh_w_g_c_r_m_fun";"Page Shield";;;;;"Shield";;;;;"";"Fighter";"v_f_sh"
"sh_w_g_c_r_s_avg";"Wooden Buckler";;;;;"Shield";;;;"str";"c_fin, c_mag, c_str, o_avg, o_fin, o_mag, o_str";"Fighter";"v_f_sh"
"sh_w_g_c_r_s_elm";"Elm Buckler";;;;;"Shield";;;;"str";"base";"Fighter";"v_f_sh"
"sh_w_g_c_r_s_fun";"Small Shield";;;;;"Shield";;;;;"";"Fighter";"v_f_sh"
"sh_w_g_c_r_s_krohar";"Krohar's Buckler";;;"excluded";;"Shield";;;;"str";"base";"Fighter";"v_f_sh_ru"
"sh_w_g_c_s_m_fun";"Old Wooden Shield";;;;;"Shield";;;;"str";"";"Fighter";"v_f_sh"
"sh_z_g_c_r_m_avg";"Painted Shield";;;;;"Shield";;;;"str";"";"Fighter";"v_f_sh"
"tongs";"Tongs";;;"excluded";;;;;;;"";;"x_any"
"bd_pl_f_g_c_death_knight";"Death Knight Armour";"LoA";;"excluded";;"Body";;"pl";"f";;"";"Fighter";"loa_f_bd"
"bd_ch_f_g_c_avg_hassat_dsx";"Hassat Fur Hauberk";"LoA";;;;"Body";;"ch";"f";"str";"base";"Fighter";"loa_f_bd"
"bd_le_f_g_c_avg_zaurask_dsx";"Zaurask Leather";"LoA";;;;"Body";;"le";"f";"str";"base";"Fighter";"loa_f_bd"
"bd_ba_f_g_c_avg_hassat_dsx";"Padded Hassat Armor";"LoA";;;;"Body";;"ba";"f";"str";"base";"Fighter";"loa_f_bd"
"bd_le_f_g_c_avg_hassat_dsx";"Hassat Hide Hauberk";"LoA";;;;"Body";;"le";"f";"str";"base";"Fighter";"loa_f_bd"
"bd_ba_f_g_c_avg_zpad_dsx";"Zaurask Padded Leather";"LoA";;;;"Body";;"ba";"f";"str";"base";"Fighter";"loa_f_bd"
"bd_pl_f_g_c_avg_alloy_dsx";"Articulated Alloy Armor";"LoA";;;;"Body";;"pl";"f";"str";"base";"Fighter";"loa_f_bd"
"bd_le_f_g_c_avg_zcured_dsx";"Zaurask Scalemail";"LoA";;;;"Body";;"le";"f";"str";"base";"Fighter";"loa_f_bd"
"bd_pl_f_g_c_avg_utraean_dsx";"Utraean Plate";"LoA";;;;"Body";;"pl";"f";"str";"base";"Fighter";"loa_f_bd"
"bd_le_f_g_c_avg_dragon_dsx";"Dragon Leather";"LoA";;;;"Body";;"le";"f";"str";"base";"Fighter";"loa_f_bd"
"bd_le_f_g_c_avg_nemean_dsx";"Nemean Hide";"LoA";;;;"Body";;"le";"f";"str";"base";"Fighter";"loa_f_bd"
"bd_sc_f_g_c_avg_dragon_dsx";"Dragon Scalemail";"LoA";;;;"Body";;"sc";"f";"str";"base";"Fighter";"loa_f_bd"
"bd_bp_f_g_c_avg_alloy_dsx";"Alloy Heavy Plate";"LoA";;;;"Body";;"bp";"f";"str";"base";"Fighter";"loa_f_bd"
"bd_sl_f_g_c_avg_nemean_dsx";"Nemean Armor";"LoA";;;;"Body";;"sl";"f";"str";"base";"Fighter";"loa_f_bd"
"bd_pl_f_g_c_avg_alloy2_dsx";"Transfused Plate";"LoA";;;;"Body";;"pl";"f";"str";"base";"Fighter";"loa_f_bd"
"bd_pl_f_g_c_avg_dragon_dsx";"Dragon Platemail";"LoA";;;;"Body";;"pl";"f";"str";"base";"Fighter";"loa_f_bd"
"bd_bp_f_g_c_avg_utraean_dsx";"Utraearch Battle Plate";"LoA";;;;"Body";;"bp";"f";"str";"base";"Fighter";"loa_f_bd"
"bd_bp_f_g_c_avg_alloy2_dsx";"Transcendent Plate";"LoA";;;;"Body";;"bp";"f";"str";"base";"Fighter";"loa_f_bd"
"bd_le_m_g_c_avg_woven_dsx";"Woven Suit";"LoA";;;;"Body";;"le";"m";"int";"base";"Mage";"loa_m_bd"
"bd_le_m_g_c_avg_spider_dsx";"Spidersilk Hauberk";"LoA";;;;"Body";;"le";"m";"int";"base";"Mage";"loa_m_bd"
"bd_le_m_g_c_avg_crmech_dsx";"Crude Electric Plate";"LoA";;;;"Body";;"le";"m";"int";"base";"Mage";"loa_m_bd"
"bd_le_m_g_c_avg_ltmech_dsx";"Light Mechanized Suit";"LoA";;;;"Body";;"le";"m";"int";"base";"Mage";"loa_m_bd"
"bd_le_m_g_c_avg_beaded_dsx";"Beaded Hauberk";"LoA";;;;"Body";;"le";"m";"int";"base";"Mage";"loa_m_bd"
"bd_le_m_g_c_avg_woven_reinforced_dsx";"Iron Thread Suit";"LoA";;;;"Body";;"le";"m";"int";"base";"Mage";"loa_m_bd"
"bd_le_m_g_c_avg_ceramic_dsx";"Ceramic Suit";"LoA";;;;"Body";;"le";"m";"int";"base";"Mage";"loa_m_bd"
"bd_le_m_g_c_avg_mech_dsx";"Mechanized Suit";"LoA";;;;"Body";;"le";"m";"int";"base";"Mage";"loa_m_bd"
"bd_le_m_g_c_avg_magesilk_dsx";"Magesilk Shirt";"LoA";;;;"Body";;"le";"m";"int";"base";"Mage";"loa_m_bd"
"bd_le_m_g_c_avg_recon_dsx";"Light Recondite Suit";"LoA";;;;"Body";;"le";"m";"int";"base";"Mage";"loa_m_bd"
"bd_le_m_g_c_avg_beaded2_dsx";"Patterned Hauberk";"LoA";;;;"Body";;"le";"m";"int";"base";"Mage";"loa_m_bd"
"bd_le_m_g_c_avg_spider_framed_dsx";"Framed Spidersilk Hauberk";"LoA";;;;"Body";;"le";"m";"int";"base";"Mage";"loa_m_bd"
"bd_le_m_g_c_avg_hvmech_dsx";"Heavy Mechanized Suit";"LoA";;;;"Body";;"le";"m";"int";"base";"Mage";"loa_m_bd"
"bd_pl_m_g_c_avg_hvelectric_dsx";"Heavy Electric Plate";"LoA";;;;"Body";;"pl";"m";"int";"base";"Mage";"loa_m_bd"
"bd_br_m_g_c_avg_recon_dsx";"Recondite Suit";"LoA";;;;"Body";;"br";"m";"int";"base";"Mage";"loa_m_bd"
"bd_le_m_g_c_avg_ceramic2_dsx";"Inscribed Suit";"LoA";;;;"Body";;"le";"m";"int";"base";"Mage";"loa_m_bd"
"bd_pl_m_g_c_avg_recon_dsx";"Heavy Recondite Suit";"LoA";;;;"Body";;"pl";"m";"int";"base";"Mage";"loa_m_bd"
"bd_bp_m_g_c_avg_recon_dsx";"Recondite Battle Plate";"LoA";;;;"Body";;"bp";"m";"int";"base";"Mage";"loa_m_bd"
"bd_br_r_g_c_avg_culeaf_dsx";"Cured Leaf Hauberk";"LoA";;;;"Body";;"br";"r";"dex";"base";"Ranger";"loa_r_bd"
"bd_br_r_g_c_avg_rubber_dsx";"Fiber Suit";"LoA";;;;"Body";;"br";"r";"dex";"base";"Ranger";"loa_r_bd"
"bd_br_r_g_c_avg_hassat_dsx";"Hassat Skin Robe";"LoA";;;;"Body";;"br";"r";"dex";"base";"Ranger";"loa_r_bd"
"bd_br_r_g_c_avg_bark_dsx";"Bark Casing";"LoA";;;;"Body";;"br";"r";"dex";"base";"Ranger";"loa_r_bd"
"bd_br_r_g_c_avg_flywing_dsx";"Flywing Hauberk";"LoA";;;;"Body";;"br";"r";"dex";"base";"Ranger";"loa_r_bd"
"bd_br_r_g_c_avg_laleaf_dsx";"Lacquered Leaf Hauberk";"LoA";;;;"Body";;"br";"r";"dex";"base";"Ranger";"loa_r_bd"
"bd_br_r_g_c_avg_zaurask_dsx";"Zaurask Hide Robe";"LoA";;;;"Body";;"br";"r";"dex";"base";"Ranger";"loa_r_bd"
"bd_br_r_g_c_avg_thessic_dsx";"Thessic Suit";"LoA";;;;"Body";;"br";"r";"dex";"base";"Ranger";"loa_r_bd"
"bd_br_r_g_c_avg_bug_dsx";"Carapace Plate";"LoA";;;;"Body";;"br";"r";"dex";"base";"Ranger";"loa_r_bd"
"bd_br_r_g_c_avg_knleaf_dsx";"Knotted Leaf Hauberk";"LoA";;;;"Body";;"br";"r";"dex";"base";"Ranger";"loa_r_bd"
"bd_br_r_g_c_avg_releaf_dsx";"Reinforced Leaf Armor";"LoA";;;;"Body";;"br";"r";"dex";"base";"Ranger";"loa_r_bd"
"bd_br_r_g_c_avg_artbug_dsx";"Articulated Carapace Armor";"LoA";;;;"Body";;"br";"r";"dex";"base";"Ranger";"loa_r_bd"
"bd_br_r_g_c_avg_hvrubber_dsx";"Heavy Fiber Suit";"LoA";;;;"Body";;"br";"r";"dex";"base";"Ranger";"loa_r_bd"
"bd_br_r_g_c_avg_chitter_dsx";"Chitterskrag Armor";"LoA";;;;"Body";;"br";"r";"dex";"base";"Ranger";"loa_r_bd"
"bd_pl_r_g_c_avg_flywing_dsx";"Elaborate Flywing Plate";"LoA";;;;"Body";;"pl";"r";"dex";"base";"Ranger";"loa_r_bd"
"bd_le_r_g_c_avg_arbor_dsx";"Arboreal Suit";"LoA";;;;"Body";;"le";"r";"dex";"base";"Ranger";"loa_r_bd"
"bd_sc_r_g_c_avg_exo_dsx";"Exoskeleton Suit";"LoA";;;;"Body";;"sc";"r";"dex";"base";"Ranger";"loa_r_bd"
"bd_ch_r_g_c_avg_arbor_dsx";"Arboreal Armor";"LoA";;;;"Body";;"ch";"r";"dex";"base";"Ranger";"loa_r_bd"
"bd_ba_r_g_c_avg_midnight_dsx";"Midnight Suit";"LoA";;;;"Body";;"ba";"r";"dex";"base";"Ranger";"loa_r_bd"
"bd_bp_r_g_c_avg_arbor_dsx";"Arboreal Battle Plate";"LoA";;;;"Body";;"bp";"r";"dex";"base";"Ranger";"loa_r_bd"
"bd_ro_m_g_c_avg_woven_dsx";"Woven Robe";"LoA";;;;"Body";;"ro";"m";"int";"base";"Mage";"loa_m_bd"
"bd_ro_m_g_c_avg_spider_dsx";"Spidersilk Robe";"LoA";;;;"Body";;"ro";"m";"int";"base";"Mage";"loa_m_bd"
"bd_ro_m_g_c_avg_rubber_dsx";"Fiber Robe";"LoA";;;;"Body";;"ro";"m";"int";"base";"Mage";"loa_m_bd"
"bd_ro_m_g_c_avg_leaf_dsx";"Leaf Robe";"LoA";;;;"Body";;"ro";"m";"int";"base";"Mage";"loa_m_bd"
"bd_ro_m_g_c_avg_cebead_dsx";"Ceramic Beaded Robe";"LoA";;;;"Body";;"ro";"m";"int";"base";"Mage";"loa_m_bd"
"bd_ro_m_g_c_avg_elbead_dsx";"Elaborate Beaded Robe";"LoA";;;;"Body";;"ro";"m";"int";"base";"Mage";"loa_m_bd"
"bd_ro_m_g_c_avg_hewoven_dsx";"Steel Thread Robe";"LoA";;;;"Body";;"ro";"m";"int";"base";"Mage";"loa_m_bd"
"bo_bo_sc_f_g_c_avg_alloy_dsx";"Alloy Boots";"LoA";;;;"Boots";;"sc";"f";"str";"base";"Fighter";"loa_f_hgb"
"bo_bo_sc_f_g_c_avg_alloy2_dsx";"Transcendant Boots";"LoA";;;;"Boots";;"sc";"f";"str";"base";"Fighter";"loa_f_hgb"
"bo_sh_sc_m_g_c_avg_woven_dsx";"Woven Shoes";"LoA";;;;"Boots";;"sc";"m";"int";"base";"Mage";"loa_m_hgb"
"bo_bo_sc_m_g_c_avg_beaded_dsx";"Beaded Boots";"LoA";;;;"Boots";;"sc";"m";"int";"base";"Mage";"loa_m_hgb"
"bo_bo_sc_m_g_c_avg_geared_dsx";"Geared Boots";"LoA";;;;"Boots";;"sc";"m";"int";"base";"Mage";"loa_m_hgb"
"bo_bo_sc_m_g_c_avg_ceramic_dsx";"Ceramic Boots";"LoA";;;;"Boots";;"sc";"m";"int";"base";"Mage";"loa_m_hgb"
"bo_bo_sc_m_g_c_avg_beaded2_dsx";"Jeweled Boots";"LoA";;;;"Boots";;"sc";"m";"int";"base";"Mage";"loa_m_hgb"
"bo_sh_sc_m_g_c_avg_woven2_dsx";"Occult Shoes";"LoA";;;;"Boots";;"sc";"m";"int";"base";"Mage";"loa_m_hgb"
"bo_bo_sc_m_g_c_avg_ceramic2_dsx";"Etched Boots";"LoA";;;;"Boots";;"sc";"m";"int";"base";"Mage";"loa_m_hgb"
"bo_bo_sc_m_g_c_avg_geared2_dsx";"Recondite Boots";"LoA";;;;"Boots";;"sc";"m";"int";"base";"Mage";"loa_m_hgb"
"bo_sh_sc_r_g_c_avg_rubber_dsx";"Fiber Shoes";"LoA";;;;"Boots";;"sc";"r";"dex";"base";"Ranger";"loa_r_hgb"
"bo_bo_sc_r_g_c_avg_flywing_dsx";"Flywing Boots";"LoA";;;;"Boots";;"sc";"r";"dex";"base";"Ranger";"loa_r_hgb"
"bo_sh_sc_r_g_c_avg_bug_dsx";"Chitin Shoes";"LoA";;;;"Boots";;"sc";"r";"dex";"base";"Ranger";"loa_r_hgb"
"bo_bo_sc_r_g_c_avg_rubber_dsx";"Fiber Boots";"LoA";;;;"Boots";;"sc";"r";"dex";"base";"Ranger";"loa_r_hgb"
"bo_sh_sc_r_g_c_avg_flywing_dsx";"Flywing Shoes";"LoA";;;;"Boots";;"sc";"r";"dex";"base";"Ranger";"loa_r_hgb"
"bo_sh_sc_r_g_c_avg_bug2_dsx";"Exoskeleton Shoes";"LoA";;;;"Boots";;"sc";"r";"dex";"base";"Ranger";"loa_r_hgb"
"bo_sh_sc_r_g_c_avg_rubber2_dsx";"Midnight Boots";"LoA";;;;"Boots";;"sc";"r";"dex";"base";"Ranger";"loa_r_hgb"
"bo_sh_sc_r_g_c_avg_flywing2_dsx";"Arboreal Boots";"LoA";;;;"Boots";;"sc";"r";"dex";"base";"Ranger";"loa_r_hgb"
"gl_ga_sc_f_g_c_avg_alloy_dsx";"Alloy Gauntlets";"LoA";;;;"Gloves";;"sc";"f";"str";"base";"Fighter";"loa_f_hgb"
"gl_ga_sc_f_g_c_avg_alloy2_dsx";"Transcendant Gauntlets";"LoA";;;;"Gloves";;"sc";"f";"str";"base";"Fighter";"loa_f_hgb"
"gl_gl_sc_m_g_c_avg_woven_dsx";"Woven Gloves";"LoA";;;;"Gloves";;"sc";"m";"int";"base";"Mage";"loa_m_hgb"
"gl_ga_sc_m_g_c_avg_beaded_dsx";"Beaded Gauntlets";"LoA";;;;"Gloves";;"sc";"m";"int";"base";"Mage";"loa_m_hgb"
"gl_ga_sc_m_g_c_avg_geared_dsx";"Geared Gauntlets";"LoA";;;;"Gloves";;"sc";"m";"int";"base";"Mage";"loa_m_hgb"
"gl_ga_sc_m_g_c_avg_beaded2_dsx";"Jeweled Gauntlets";"LoA";;;;"Gloves";;"sc";"m";"int";"base";"Mage";"loa_m_hgb"
"gl_ga_sc_m_g_c_avg_electric_dsx";"Electric Gauntlets";"LoA";;;;"Gloves";;"sc";"m";"int";"base";"Mage";"loa_m_hgb"
"gl_gl_sc_m_g_c_avg_woven2_dsx";"Occult Gloves";"LoA";;;;"Gloves";;"sc";"m";"int";"base";"Mage";"loa_m_hgb"
"gl_ga_sc_m_g_c_avg_electric2_dsx";"Recondite Gauntlets";"LoA";;;;"Gloves";;"sc";"m";"int";"base";"Mage";"loa_m_hgb"
"gl_gl_sc_r_g_c_avg_leaf_dsx";"Cured Leaf Gloves";"LoA";;;;"Gloves";;"sc";"r";"dex";"base";"Ranger";"loa_r_hgb"
"gl_ra_ga_m_ba_f_g_c_fin_starfield_dsx";"Starfield Gauntlets";"LoA";;;;"Gloves";"rare";;;"dex";"base";"Ranger";"loa_r_hgb"
"gl_gl_sc_r_g_c_avg_flywing_dsx";"Flywing Gloves";"LoA";;;;"Gloves";;"sc";"r";"dex";"base";"Ranger";"loa_r_hgb"
"gl_gl_sc_r_g_c_avg_shell_dsx";"Shell Gloves";"LoA";;;;"Gloves";;"sc";"r";"dex";"base";"Ranger";"loa_r_hgb"
"gl_gl_sc_r_g_c_avg_rubber_dsx";"Fiber Gloves";"LoA";;;;"Gloves";;"sc";"r";"dex";"base";"Ranger";"loa_r_hgb"
"gl_ga_sc_r_g_c_avg_flywing_dsx";"Flywing Gauntlets";"LoA";;;;"Gloves";;"sc";"r";"dex";"base";"Ranger";"loa_r_hgb"
"gl_gl_sc_r_g_c_avg_shell2_dsx";"Exoskeleton Gloves";"LoA";;;;"Gloves";;"sc";"r";"dex";"base";"Ranger";"loa_r_hgb"
"gl_gl_sc_r_g_c_avg_rubber2_dsx";"Midnight Gloves";"LoA";;;;"Gloves";;"sc";"r";"dex";"base";"Ranger";"loa_r_hgb"
"gl_gl_sc_r_g_c_avg_leaf2_dsx";"Arboreal Gloves";"LoA";;;;"Gloves";;"sc";"r";"dex";"base";"Ranger";"loa_r_hgb"
"he_op_pl_f_ofkhar_dsx";"Helm of Khar";"LoA";;"excluded";;"Helmet";;"pl";"f";;"";"Fighter";"loa_f_hgb"
"2w_he_op_pl_f_ofkhar_dsx";"Super Helm of Khar";"LoA";"Veteran";"excluded";;"Helmet";;"pl";"f";;"";"Fighter";"loa_f_hgb"
"3w_he_op_pl_f_ofkhar_dsx";"Supreme Helm of Khar";"LoA";"Elite";"excluded";;"Helmet";;"pl";"f";;"";"Fighter";"loa_f_hgb"
"he_ra_ca_le_avg_pimp";"Mac Daddy Cap of Procurement";"LoA";;"excluded";;"Helmet";"rare";"le";;;"";;"x_any"
"he_ca_pl_f_alloy_dsx";"Alloy Dome";"LoA";;;;"Helmet";;"pl";"f";"str";"base";"Fighter";"loa_f_hgb"
"he_op_pl_f_allow_crown_dsx";"Alloy Crown";"LoA";;;;"Helmet";;"pl";"f";"str";"base";"Fighter";"loa_f_hgb"
"he_op_pl_m_bone_crown_dsx";"Bone Crown";"LoA";;;;"Helmet";;"pl";"m";"int";"base";"Mage";"loa_m_hgb"
"he_vi_pl_m_woven_headband_dsx";"Woven Headband";"LoA";;;;"Helmet";;"pl";"m";"int";"base";"Mage";"loa_m_hgb"
"he_vi_pl_m_beaded_headband_dsx";"Beaded Headband";"LoA";;;;"Helmet";;"pl";"m";"int";"base";"Mage";"loa_m_hgb"
"he_fl_pl_m_woven_wrap_dsx";"Woven Wrap";"LoA";;;;"Helmet";;"pl";"m";"int";"base";"Mage";"loa_m_hgb"
"he_fl_pl_m_beaded_wrap_dsx";"Beaded Wrap";"LoA";;;;"Helmet";;"pl";"m";"int";"base";"Mage";"loa_m_hgb"
"he_vi_pl_m_woven_headdress_dsx";"Iron Thread Cap";"LoA";;;;"Helmet";;"pl";"m";"int";"base";"Mage";"loa_m_hgb"
"he_op_pl_m_bone_headdress_dsx";"Bone Headdress";"LoA";;;;"Helmet";;"pl";"m";"int";"base";"Mage";"loa_m_hgb"
"he_vi_pl_m_ceramic_headband_dsx";"Ceramic Headband";"LoA";;;;"Helmet";;"pl";"m";"int";"base";"Mage";"loa_m_hgb"
"he_vi_pl_m_beaded_headdress_dsx";"Beaded Headdress";"LoA";;;;"Helmet";;"pl";"m";"int";"base";"Mage";"loa_m_hgb"
"he_vi_pl_m_spider_visor_dsx";"Spidersilk Visor";"LoA";;;;"Helmet";;"pl";"m";"int";"base";"Mage";"loa_m_hgb"
"he_ca_pl_m_spider_dsx";"Spidersilk Dome";"LoA";;;;"Helmet";;"pl";"m";"int";"base";"Mage";"loa_m_hgb"
"he_vi_pl_m_ceramic_headdress_dsx";"Ceramic Headdress";"LoA";;;;"Helmet";;"pl";"m";"int";"base";"Mage";"loa_m_hgb"
"he_op_pl_m_geared_crown_dsx";"Geared Crown";"LoA";;;;"Helmet";;"pl";"m";"int";"base";"Mage";"loa_m_hgb"
"he_vi_pl_m_beaded_headband2_dsx";"Jeweled Headband";"LoA";;;;"Helmet";;"pl";"m";"int";"base";"Mage";"loa_m_hgb"
"he_vi_pl_m_spider_visor2_dsx";"Magesilk Headdress";"LoA";;;;"Helmet";;"pl";"m";"int";"base";"Mage";"loa_m_hgb"
"he_vi_pl_m_ceramic_headdress2_dsx";"Etched Headdress";"LoA";;;;"Helmet";;"pl";"m";"int";"base";"Mage";"loa_m_hgb"
"he_vi_pl_r_leaf_visor_dsx";"Cured Leaf Visor";"LoA";;;;"Helmet";;"pl";"r";"dex";"base";"Ranger";"loa_r_hgb"
"he_vi_pl_r_zaurask_headdress_dsx";"Zaurask Headdress";"LoA";;;;"Helmet";;"pl";"r";"dex";"base";"Ranger";"loa_r_hgb"
"he_vi_pl_r_flywing_visor_dsx";"Flywing Visor";"LoA";;;;"Helmet";;"pl";"r";"dex";"base";"Ranger";"loa_r_hgb"
"he_vi_pl_r_rubber_visor_dsx";"Fiber Visor";"LoA";;;;"Helmet";;"pl";"r";"dex";"base";"Ranger";"loa_r_hgb"
"he_op_pl_r_flywing_crown_dsx";"Flywing Crown";"LoA";;;;"Helmet";;"pl";"r";"dex";"base";"Ranger";"loa_r_hgb"
"he_op_pl_r_zaurask_crown_dsx";"Zaurask Crown";"LoA";;;;"Helmet";;"pl";"r";"dex";"base";"Ranger";"loa_r_hgb"
"he_vi_pl_r_flywing_visor2_dsx";"Exoskeleton Visor";"LoA";;;;"Helmet";;"pl";"r";"dex";"base";"Ranger";"loa_r_hgb"
"he_vi_pl_r_rubber_visor2_dsx";"Midnight Visor";"LoA";;;;"Helmet";;"pl";"r";"dex";"base";"Ranger";"loa_r_hgb"
"he_op_pl_r_flywing_crown2_dsx";"Arboreal Visor";"LoA";;;;"Helmet";;"pl";"r";"dex";"base";"Ranger";"loa_r_hgb"
"sh_un_m_o_r_m_turtle_02_dsx";"Turtle Shield";"LoA";;"excluded";;"Shield";"unique";;;"str";"";"Fighter";"loa_f_sh"
"sh_un_m_o_r_m_turtle_01_dsx";"Turtle Shield";"LoA";;"excluded";;"Shield";"unique";;;"str";"";"Fighter";"loa_f_sh"
"sh_un_m_o_r_m_turtle_dsx";"Turtle Shield";"LoA";;"excluded";;"Shield";"unique";;;"str";"";"Fighter";"loa_f_sh"
"sh_un_m_o_k_m_dermal_dsx";"Dermal Shield";"LoA";;"excluded";;"Shield";"unique";;;"str";"";"Fighter";"loa_f_sh"
"sh_w_f_g_c_t_s_avg_deathknight_monster";"Death Knight Shield";"LoA";;"excluded";;"Shield";;;;"str";"";"Fighter";"loa_f_sh"
"sh_w_f_g_c_t_s_avg_deathknight_player";"Death Knight Shield";"LoA";;"excluded";;"Shield";;;;"str";"";"Fighter";"loa_f_sh"
"2w_sh_w_f_g_c_t_s_avg_deathknight_player";"Super Death Knight Shield";"LoA";"Veteran";"excluded";;"Shield";;;;"str";"";"Fighter";"loa_f_sh"
"3w_sh_w_f_g_c_t_s_avg_deathknight_player";"Supreme Death Knight Shield";"LoA";"Elite";"excluded";;"Shield";;;;"str";"";"Fighter";"loa_f_sh"
"sh_w_f_g_c_t_s_avg_hide_hassat_dsx";"Hassat Hide Shield";"LoA";;;;"Shield";;;;"str";"base";"Fighter";"loa_f_sh"
"sh_w_f_g_c_t_m_avg_hide_skelldra_dsx";"Zaurask Leather Shield";"LoA";;;;"Shield";;;;"str";"base";"Fighter";"loa_f_sh"
"sh_w_f_g_c_t_l_avg_hide_kraken_dsx";"Kraken shield";"LoA";;;;"Shield";;;;"str";"base";"Fighter";"loa_f_sh"
"sh_w_m_g_c_t_m_avg_bamboo_dsx";"Bamboo Shield";"LoA";;;;"Shield";;;;"int";"base";"Mage";"loa_m_sh"
"sh_w_m_g_c_t_m_avg_wicker_dsx";"Wicker Shield";"LoA";;;;"Shield";;;;"int";"base";"Mage";"loa_m_sh"
"sh_w_m_g_c_t_m_avg_gearwork_dsx";"Gearwork Shield";"LoA";;;;"Shield";;;;"int";"base";"Mage";"loa_m_sh"
"sh_w_m_g_c_t_m_avg_ward_blood_dsx";"Blood Ward";"LoA";;;;"Shield";;;;"int";"base";"Mage";"loa_m_sh"
"sh_w_m_g_c_t_m_avg_mushroom_dsx";"Shellacked Mushroom Cap Shield";"LoA";;;;"Shield";;;;"int";"base";"Mage";"loa_m_sh"
"sh_w_m_g_c_t_m_avg_ward_rainbow_dsx";"Rainbow Ward";"LoA";;;;"Shield";;;;"int";"base";"Mage";"loa_m_sh"
"sh_w_m_g_c_t_m_avg_ward_sky_dsx";"Sky Ward";"LoA";;;;"Shield";;;;"int";"base";"Mage";"loa_m_sh"
"sh_ra_w_g_c_t_m_fin_mirror_dsx";"Mirror Shield";"LoA";;;;"Shield";"rare";;;"int";"base";"Mage";"loa_m_sh"
"sh_w_m_g_c_t_m_avg_tortoise_dsx";"Tortoise Shell Shield";"LoA";;;;"Shield";;;;"int";"base";"Mage";"loa_m_sh"
"sh_w_m_g_c_t_m_avg_ceramic_dsx";"Ceramic Shield";"LoA";;;;"Shield";;;;"int";"base";"Mage";"loa_m_sh"
"sh_w_m_g_c_t_m_avg_clockface_dsx";"Clockface Shield";"LoA";;;;"Shield";;;;"int";"base";"Mage";"loa_m_sh"
"sh_w_m_g_c_t_m_avg_spider_dsx";"Spidersilk Shield";"LoA";;;;"Shield";;;;"int";"base";"Mage";"loa_m_sh"
"sh_w_m_g_c_t_m_avg_ward_sun_dsx";"Sun Ward";"LoA";;;;"Shield";;;;"int";"base";"Mage";"loa_m_sh"
"sh_w_m_g_c_t_m_avg_ward_blood2_dsx";"Sanguine Ward";"LoA";;;;"Shield";;;;"int";"base";"Mage";"loa_m_sh"
"sh_w_m_g_c_t_m_avg_ward_sky2_dsx";"Chromatic Ward";"LoA";;;;"Shield";;;;"int";"base";"Mage";"loa_m_sh"
"sh_w_m_g_c_t_m_avg_ward_stars_dsx";"Ward of the Stars";"LoA";;;;"Shield";;;;"int";"base";"Mage";"loa_m_sh"
"sh_w_m_g_c_t_m_avg_ward_sun2_dsx";"Scintillating Ward";"LoA";;;;"Shield";;;;"int";"base";"Mage";"loa_m_sh"
"sh_w_r_g_c_t_m_avg_tangled_bucker_dsx";"Tangled Root Buckler";"LoA";;;;"Shield";;;;"dex";"base";"Ranger";"loa_r_sh"
"sh_w_r_g_c_t_m_avg_barrier_flywing_dsx";"Flywing Barrier";"LoA";;;;"Shield";;;;"dex";"base";"Ranger";"loa_r_sh"
"sh_w_r_g_c_t_m_avg_bug_dsx";"Carapace Shield";"LoA";;;;"Shield";;;;"dex";"base";"Ranger";"loa_r_sh"
"sh_w_r_g_c_t_m_avg_wall_bark_dsx";"Bark Wall";"LoA";;;;"Shield";;;;"dex";"base";"Ranger";"loa_r_sh"
"sh_w_r_g_c_t_m_avg_barrier_leaf_dsx";"Cured Leaf Barrier";"LoA";;;;"Shield";;;;"dex";"base";"Ranger";"loa_r_sh"
"sh_w_r_g_c_t_m_avg_wall_flywing_dsx";"Flywing Wall";"LoA";;;;"Shield";;;;"dex";"base";"Ranger";"loa_r_sh"
"sh_w_r_g_c_t_m_avg_bug2_dsx";"Exoskeleton Shield";"LoA";;;;"Shield";;;;"dex";"base";"Ranger";"loa_r_sh"
"sh_w_g_c_t_m_avg_tangled_bucker2_dsx";"Arboreal Barrier";"LoA";;;;"Shield";;;;"dex";"base";"Ranger";"loa_r_sh"
"sh_w_r_g_c_t_m_avg_fan_woven_dsx";"Woven Fan";"LoA";;;;"Shield";;;;"dex";"base";"Ranger";"loa_r_sh"
"sh_w_r_g_c_t_m_avg_fan_beaded_dsx";"Beaded Fan";"LoA";;;;"Shield";;;;"dex";"base";"Ranger";"loa_r_sh"
"sh_w_r_g_c_t_m_avg_fan_spider_dsx";"Spidersilk Fan";"LoA";;;;"Shield";;;;"dex";"base";"Ranger";"loa_r_sh"
"sh_w_r_g_c_t_m_avg_fan_feathered_dsx";"Feathered Fan";"LoA";;;;"Shield";;;;"dex";"base";"Ranger";"loa_r_sh"
"sh_w_r_g_c_t_m_avg_fan_beaded2_dsx";"Jeweled Fan";"LoA";;;;"Shield";;;;"dex";"base";"Ranger";"loa_r_sh"
"bd_br_f_g_c_avg_dsx_set_arhok";"Arhok's Leather";"LoA";;;"arhok";"Body";;"br";"f";;"";"Fighter";"loa_any_sets"
"sh_w_m_g_c_t_m_avg_dsx_set_arhok";"Arhok's Shield";"LoA";;;"arhok";"Shield";;;;;"";"Fighter";"loa_any_sets"
"bd_le_m_g_c_avg_dsx_set_illicor";"Illicor's Beaded Hauberk";"LoA";;;"illicor";"Body";;"le";"m";"int";"";"Mage";"loa_any_sets"
"bd_le_m_g_c_avg_dsx_set_kajj";"Kajj's Breastplate";"LoA";;;"kajj";"Body";;"le";"m";"str";"";"Mage";"loa_any_sets"
"gl_gl_sc_r_g_c_avg_dsx_set_kajj";"Kajj's Gauntlets";"LoA";;;"kajj";"Gloves";;"sc";"r";"str";"";"Ranger";"loa_any_sets"
"he_fl_pl_m_dsx_set_kajj";"Kajj's Helm";"LoA";;;"kajj";"Helmet";;"pl";"m";"str";"";"Mage";"loa_any_sets"
"sh_w_m_g_c_t_m_avg_ward_blood_dsx_set_inventor";"Solov's Ward";"LoA";;;"patents";"Shield";;;;"int";"";"Mage";"loa_any_sets"
"ring_dsx_set_clockwork";"Clockwork Boots";"LoA";;;"clockwork";;;;;"dex";"";"Ranger";"loa_any_sets"
"bd_le_m_g_c_avg_ceramic_dsx_set_chadek";"Chadek's Suit";"LoA";;;"chadek";"Body";;"le";"m";;"";"Mage";"loa_any_sets"
"bo_bo_sc_m_g_c_avg_ceramic_dsx_set_chadek";"Chadek's Boots";"LoA";;;"chadek";"Boots";;"sc";"m";;"";"Mage";"loa_any_sets"
"sh_w_m_g_c_t_m_avg_ceramic_dsx_set_chadek";"Chadek's Shield";"LoA";;;"chadek";"Shield";;;;;"";"Fighter";"loa_any_sets"
"he_vi_pl_m_ceramic_headdress_dsx_set_chadek";"Chadek's Headdress";"LoA";;;"chadek";"Helmet";;"pl";"m";;"";"Mage";"loa_any_sets"
"bd_le_f_g_c_avg_hvmech_dsx_set_kaltenbach";"Kaltenbach's Full Mech Suit";"LoA";;;"kaltenbach";"Body";;"le";"f";"str";"";"Fighter";"loa_any_sets"
"sh_w_f_g_c_t_m_avg_clockface_dsx_set_kaltenbach";"Kaltenbach's Shield";"LoA";;;"kaltenbach";"Shield";;;;"str";"";"Fighter";"loa_any_sets"
"gl_ga_sc_f_g_c_avg_geared_dsx_set_kaltenbach";"Kaltenbach's Gauntlets";"LoA";;;"kaltenbach";"Gloves";;"sc";"f";"str";"";"Fighter";"loa_any_sets"
"he_ca_pl_f_alloy_dsx_set_rune";"Rune Dome";"LoA";;;"rune";"Helmet";;"pl";"f";"str";"";"Fighter";"loa_any_sets"
"sh_w_f_g_c_t_m_avg_gearwork_dsx_set_rune";"Rune Shield";"LoA";;;"rune";"Shield";;;;"str";"";"Fighter";"loa_any_sets"
"bd_pl_f_g_c_avg_alloy_dsx_set_rune";"Rune Armor";"LoA";;;"rune";"Body";;"pl";"f";"str";"";"Fighter";"loa_any_sets"
"bd_le_m_g_c_avg_spider_framed_dsx_set_adela";"Adela's Spidersilk Hauberk";"LoA";;;"adela";"Body";;"le";"m";"int";"";"Mage";"loa_any_sets"
"bd_pl_r_g_c_avg_flywing_dsx_set_jeffron";"Jeffron's Plate";"LoA";;;"jeffron";"Body";;"pl";"r";"str";"";"Ranger";"loa_any_sets"
"he_op_pl_r_flywing_crown_dsx_set_jeffron";"Jeffron's Crown";"LoA";;;"jeffron";"Helmet";;"pl";"r";"str";"";"Ranger";"loa_any_sets"
"sh_w_r_g_c_t_m_avg_wall_flywing_dsx_set_jeffrom";"Jeffron's Wall";"LoA";;;"jeffron";"Shield";;;;"str";"";"Fighter";"loa_any_sets"
"gl_ga_sc_r_g_c_avg_flywing_dsx_set_jeffron";"Jeffron's Gauntlets";"LoA";;;"jeffron";"Gloves";;"sc";"r";"str";"";"Ranger";"loa_any_sets"
"bo_bo_sc_r_g_c_avg_flywing_dsx_set_jeffron";"Jeffron's Boots";"LoA";;;"jeffron";"Boots";;"sc";"r";"str";"";"Ranger";"loa_any_sets"
"bd_br_r_g_c_avg_hvrubber_dsx_set_utraean_archer";"Utraean Archer's Suit";"LoA";;;"utraean_archer";"Body";;"br";"r";;"";"Ranger";"loa_any_sets"
"he_vi_pl_r_rubber_visor_dsx_set_utraean_archer";"Utraean Archer's Cap";"LoA";;;"utraean_archer";"Helmet";;"pl";"r";;"";"Ranger";"loa_any_sets"
"bo_bo_sc_r_g_c_avg_rubber_dsx_set_utraean_archer";"Utraean Archer's Boots";"LoA";;;"utraean_archer";"Boots";;"sc";"r";;"";"Ranger";"loa_any_sets"
"he_op_pl_f_bone_crown_dsx_set_zaurask";"Helm of the Zaurask Champion";"LoA";;;"zaurask";"Helmet";;"pl";"f";"str";"";"Fighter";"loa_any_sets"
"bd_le_m_g_c_avg_crmech_dsx_set_xulphae";"Xulphae's Plate";"LoA";;;"xulphae";"Body";;"le";"m";"int";"";"Mage";"loa_any_sets"
"bd_br_m_g_c_avg_chitter_dsx_set_kmethekt";"Kmethekt's Armor";"LoA";;;"kmethekts";"Body";;"br";"m";"int";"";"Mage";"loa_any_sets"
"bo_bo_sc_f_g_c_avg_alloy_dsx_set_utraean_guard";"Utraean Guard's Boots";"LoA";;;"utraean_guard";"Boots";;"sc";"f";"str";"";"Fighter";"loa_any_sets"
"sh_w_f_g_c_t_l_avg_dsx_set_utraean_guard";"Utraean Guard's Shield";"LoA";;;"utraean_guard";"Shield";;;;"str";"";"Fighter";"loa_any_sets"
"bd_pl_f_g_c_avg_utraean_dsx_set_utraean_guard";"Utraean Guard's Plate";"LoA";;;"utraean_guard";"Body";;"pl";"f";"str";"";"Fighter";"loa_any_sets"
"sh_w_r_g_c_t_m_avg_fan_beaded_dsx_set_hassat";"Ancient Hassat Fan";"LoA";;;"hassat";"Shield";;;;;"";"Fighter";"loa_any_sets"
"bo_sh_sc_r_g_c_avg_bug_dsx_set_jerkal";"Jerkal's Boots";"LoA";;;"jerkal";"Boots";;"sc";"r";;"";"Ranger";"loa_any_sets"
"he_vi_pl_r_leaf_visor_dsx_set_jerkal";"Jerkal's Visor";"LoA";;;"jerkal";"Helmet";;"pl";"r";;"";"Ranger";"loa_any_sets"
"gl_gl_sc_r_g_c_avg_shell_dsx_set_jerkal";"Jerkal's Gloves";"LoA";;;"jerkal";"Gloves";;"sc";"r";;"";"Ranger";"loa_any_sets"
"he_threestorms";"Helm of the Storms, the Three Storms";;;"excluded";;"Helmet";;;;;"";;"x_any"
